1,"16UX5uQvtqYgq94uiCCYL2JXrTtNMr1os8","5Jimx2DDg9aXfRMrxWNWoZ6HhrwaPQsonvAqZvnWv3zqTxwdsH4"
2,"1EaX9ZmTCNXjwjk7FksioHgB6k9tuM83f1","5KhEgiZVbvX2pakF2K6vN9tuUGE9Egfmgcwd9Pr6opQWVdEbHEg"
3,"1JAsPrvzBspnTUNDJy2RzRGXLpCjWPDQKy","5J9pjEouwj9PeBA2u2RtHR93S2bEKgzEevZTXHwRtQ9KZwrYbbP"
4,"1LoXbspn7jyzsa4Go4W9PbRH7msbS11Tb9","5HweXyH7wghw3tbqFGDNpd6fLt2D8fNSqNd6X6DrSVN8Be7dmxK"
5,"15qT6nQxoupRhxyaadqKeep9vRpsZqzJe5","5KAVnWPVgJZoakXWV8HZwtaCr3ZELdFQwNSGNtPtEA3LUjftbo9"
6,"1D3GKXxw5u74nCTNxB7VwFmkQrveTF5YVz","5Jt4tYmbsaURXoE2byAL9LyTWsq6zW7EsJp612RgYF13kpmHy4o"
7,"1NqUCuquz5jYG6ABbYJtoJptFSKCPFCMp4","5KLUocfRE9e7n7b1fMGgN1L2iBtjuXafQKEAV3fLvFWjhHn95VQ"
8,"14dY2ia6d89mZ95UM4xcWRMWUPdFC3vJvB","5JoVkag2GaT8GPpfjRfkj2rzMWGGop56GhLiuHAUoEj8xyDEXMS"
9,"1NYgxfd3WGUnhWoXB7vTkcGGtaAtG7NH89","5JuLBLePCJKjee2FFPs4ByUjGvtjnDKvtQPGP1CPBbhAwua5HHk"
10,"1BPcmqcaSSUq9kyyibjstsa4A75BwdhYjX","5JF9gMkrTKw81b6FaVJn1K73hKfSqjYAxXd1A6uKpNxkuH5SVbr"
11,"1Kq9UAw4aEppF83vGzfPtY7kKZ44FJXQHE","5JZYNMgbaPc6XTb9jEtMzsY4wV3k8fKqv5qHphPxdCG29NxdpfJ"
12,"1Hjzbbaw4t3KRCHfMXB6PNNEWnpMuoQL7Y","5KRquJxmN2tr3asbWC3Xr2D6jeC58tE5wN9Gz21DkiFxhU5TErX"
13,"16Fk7BsZBRTzh7EpZMH2h4ZfSu1VQnP5gv","5HwxiK9vkcVpLKd4N2sW6Mwhx9j5zLyKCuYE8DVCrLGHd1nYtPn"
14,"1Eo9pHF8Kc8CapxZrn9Wwna9a52pr7hS69","5J2C28KEPSnxoottJ6b8Gofmj9giCtruqatPLkhqu4s3rjD7PoT"
15,"1PqhntHw1Cjx6x7NLizPs6MduVmQhVa84G","5K7Rp8nj74CDeAiqtku3vrTMTGSp5si618k7xaW4gXASEtfuEMz"
16,"16vdasS6oZBAJXttEDYZS9MFbBseP1L3P9","5JmNwRLzbTEuT6HCww743NUcwvfrAEfGFejKW3busL7Hs2Y2FAV"
17,"1BQcZar7VoWh9Pax5MM1bcXVRVSG6o1Zaw","5KCbu83fDg1du7CorSswVtbvYuLZ3KjQ5jsvdGwzCeu18iMDKbj"
18,"1DkZVB1rrHsok1nPMSYz583gpVTaA1wPSy","5JsgazattuZD7pX8ER2TsUmUL7Lm7GkuN2SkJPxrBHL9CiHNuCk"
19,"13VEAMCTX8krFA5XzqwX3tG87gGRRMQSjP","5HvNxHey3NPW5FQhhq5NFagTH6pWbs2GyUBcHwHhwcqT3nizv2v"
20,"1A6oCK9X9nyQNpJ9yMBqo4JNiubwb5dW6j","5JpuXWK8jawPYTk9dQ66diRqxWmEiT2qBN5cKJ1R59nqNLFa57g"
21,"16buGCTT9jYYm2CKWzmhyy1f9v71TSMKsX","5Js9aM2BZgZG3unr5NDruPzdoE2BuXLebHEM8XCytZyc7Vvsv62"
22,"1Kn9rcgBkYchUzACZuqyMkKecq8kU75gyi","5J6tej4GJGUVd48gY6VF8W4bpVZkbhr7rkb7gGA1ESTJhgDXnVW"
23,"19tbS3yaZY1WXbU1tsDzbsmPDKzAAxSP5N","5JeQxkByv6C1QDCBYwovFS2Bprtj7ZJB1qvtdSZJnxQsExD3Qpv"
24,"1PFxw7gKTABtKRRAPsA92fe71RnHZxaTR3","5KZXDg9HtynaVPga5ekfRDkbLmZEzVoLetEAAkQ7oZ1AYroDzei"
25,"1GvPb4g2y7egUbMgGEAb5oXkjs17wSf3wE","5J3894fT2dm8b6Kq6V7b9wcDSc57b7Rmbv3dbfc1efgbgC9dZfg"
26,"1Q8jVaYd5V2psJPPvyLySh19jhRY6NCEvF","5KTEMz38BnmzBfsr6yF256q2U1kFuW7rJa8qUmbegKLmaBnE6wL"
27,"1EuEf3a3UoEnNffq8X4zDRuC29PniaLZeF","5J31U4w7Htj83xoXbibZMqbYQXrQWqa4otcMGbZYixq6z7qzSTY"
28,"1GRRM9H5oXDeMsEFL2zUDmN65aXjpYXuMy","5K9MeeAgniWFHa8gCe38SHCFiPFifEMjbT2fmgTGcV8AY3opKQN"
29,"16ZSYrTeVujkYpp9qCzJD4xjsmLBmicPYc","5KaCoJipnGr6f1kDfMaa2xe6zgGCmR9XiUUooi1qtRUxLkUuY4k"
30,"1CHVhtNWKxEPcJELY34WwXs2d15TpgnJgC","5Ja4Mu5Uow1Gq37Pq9YkXJ9hQC6mZEfjgYXwoPFW8ThcbEMRVvU"
31,"14tbU9ZoMHfHgRFa5TEW1gPrpjKjg93tfq","5Jchsc6kMzXSy72oM3LKrhAPan6B83sSsnBsTaC6wLZXHee8nPy"
32,"1ZbZLvR64HBTmD9PQj2JYxcbf7LKqA1Nx","5KJE7EckykvmzEk5N4xqzubxt68oozFF8jXC5ssHJmTQ4MDHjbp"
33,"1NBDuwPyWyVgscBiQsjRBSpMAMtu9CmQYa","5JtSfDfuVnLT65VMWERLdM336SNh8ovK3TEmLzuWVZ8kYMjouhN"
34,"1Bt2AQ74r3WqU4M4oRPstLS1NuEZvbUYnF","5JYRvz3Z1nqXXnQvjuUKzcVJFyZ6zLSNgdjBXjXoAZZhLeSYM8N"
35,"1C7BQRYAvimJWnmuMpRCt4Y928BgMF2tiH","5KcrUpURLTKwqrss7VsYr9rNpCG4tbPeRKYVVjfJmNt2ijfmg7g"
36,"1Bo6Vm5ZreQTdzr5uEyemPHUDdN8qBhQte","5Hz9aS25HUvue3jZQxwEB3CDcThig8kuf1cvn8mXqCNygCMsPHs"
37,"1H2nGEgL6xtYCsc5i87Bs4iQxdifLb2Spf","5KB7C9RXkfzXCrLK68kfm8w8HFUTh3Zcx7L1DmfWgP9muJQKimv"
38,"1GeAE9yzEc2B7Tch9DFTXZtXjntk6EZvVm","5K68HcNAkWDYQWBvmnKfFdd6Yb84SUcynMyo6yXGgKchseo6oCf"
39,"1LyPFywFiTKnD2K1d8cH1pT1GQUUW5pGuN","5Hx1NKR3j4Q7d9a5gSTh9bnGeTF6bkyrFdqoTaSWf1irrEcf5zE"
40,"151WtYwTnjXc15Gth4KvihJ3jCce4DHkm4","5JQ9f5MmmNEtz74cMmvQK9MLwFHQEALSaMQCHYr3m6nCXy1eXj7"
41,"17hstM89mJQVF8rMM9itv2oVVA4Bboow43","5J6DA6RzWmwBAkUiAWRCv7wb1yCmDKpAz2vjSaspfMyXrMkmvef"
42,"16srqqBk7DU2Lz8SB3whpr2L7yhhz4Bye2","5KZz3nAL3Dg8ZKZfVxoKTsch1d1NsDZooEDoUXgHxYscURp2wjF"
43,"1BDPawzNnvKTLa8ee4L7VUJ2hLkkLaBWDS","5K9aKKYrWKp8PdYQddLHDFzeqYf9B6B7LBKPM7nbqNNcWXxobjS"
44,"1QJ9XQn94tCaN9p37ggULgFYiDqSFXCh9B","5Ju4BXb2qZxV9QBq9dinn3qXbgVLhAnSDR5GTwaooFdDHzUnspH"
45,"1A2zvVLFigmGxNYeWjZidRn9S7jizbaxPC","5JfgX3tBYcevwPtn3VUCBidfL215zTJL8Rt3XsoezowKPrxPgmB"
46,"1BKGpGWhczgQyYAMm4P7SEz41Jk4AU6Qne","5JDP6EVmTNmkhARiuS6PShfR7BkAHWq24oMWuGzhFN5S7otnQdT"
47,"1wADnr9gHSoVU4KPQerNtCBrqtu3sBhUq","5Kct8xpGURzLuJes5PwJrjz7gN1XpbKdRd9ABow9XVHFRVPhYAd"
48,"159AArsVuSfaHRbPL4kX14PZfKpRQVZo9b","5JHFJzX7jEXH62fQVUMbAV3FmcbvC72VAxtYud483pw9oHdHQcu"
49,"1LyJvznNR439LftHAqxarWE7f18LCkkbtK","5JfUMmhZQURDFMuk3drBSB8dWbSx74K9NRSiksaUePPZvSJNYsj"
50,"1Aroeb1GyTGjDaH4ywiMEe6sanPfoBiCNz","5KEpWE8iqnE6uGWesme4krUmi2y7XbcUAbDsPn3mKs3fWnSMQpD"
51,"1Q4CQ5WD5KAYxBhvfniAqEmcE5MWyaF4XB","5Jt5eDsUBXCmTu13e6aefVZvLi7V2nEiJjtY9tcXVqcpY3XUrPs"
52,"1HLcs1eGG92fUYX8bRYmX1fNvXoFBmXhmg","5JnNVQjJZ5LMbQnPMFfFgNGa3LEmRTbXSrzcz9keaB18CXkdbs1"
53,"13LrD2pJ7V5enUfvToG6p5PeBRdueYdBrs","5JGFX17HjdiJu33TtZVUaeXY8qJMefG1LFATLsDuPLiHEg8FTM5"
54,"116EMmkDAW9GPxpNq5TX2PpGs9hx5FY6id","5KMT4raoo8a5W7ywDWnisQzhQ7WXtD7fCxHqMgAF57MpQSnHyCh"
55,"1zKydYuoojtbWJAMHPMW1BDoz5FYwNpdt","5Kj4XWNRHuvsxAYmKexpU1M9d3csdSH72u1LL2RLchCkh5McaK6"
56,"1EptUBrZ6Xz3xAavdYXs4iU8iEg59qNCBE","5Jx9oR8QZWUnWmGvW123gvrt1hj9w4oA5ScL6hLqJobVx12WJpj"
57,"19SUnWmrNvkZ1hvtVe4bkyMTovY3jGdk28","5J8xwprNYVQR1MmyAbgge52r6BsRentnyhxaaE4k8Ef8SSE4DcD"
58,"1Dr4vcczavM3hzbiuSFMFdTpbaudAVbNhE","5KTzHzNQGNPJCPtdFPUT4LvjNLTWQ6H2B2szaNPWKreK9ogsC5n"
59,"121ZN4vvtwWVMnyBVUHFHbtgwE97XF6EYB","5JmN1JGKoSVgexwzX2hhee3RV6NY1nJaz6ZZAHoDtTS5zN1b9Hp"
60,"1L4thyUjhoyZtSrX83R1gjJuej6MHDu7x2","5KRbU1GxcenXGnRJGtfhvEEzTGFrLbCQfUskf3sm4KCFCsXkGGt"
61,"1G8nVT6bbLzjKfBDdryuwJLcZXtDmJDeEh","5JUhhgWhXiSr3bStfHzMnEokdKpjddyxaCHYbJXdm4iCwcmtvzV"
62,"1A9mD7UnFK3TcKk9B96rgvNh5SJ7v3iz3Z","5J5HQ96UonZUssF96tTvJFsAdRCPmEqPbKgTPGqvwvLq8JW4FLx"
63,"1Hq23sLMYTv9PXY8ZjXwyocjQVoGqoCXFT","5KWexHF7zQ4qPPmDDAp7UDJPoP7g3Q1kXxEvUiaHyazu93jQiha"
64,"1JzjuyR5FJ4WKyEWieeaXPKH2Rmf5tmBvn","5JhUBqmnBT4QiJfo3LKeEvu4hXSEnyxY6BbqWdcboafpbaMFMLV"
65,"1Db2dquyP7dCEQpLGKyHg6pqD4vzAcgFX","5KW9An4bD9ousDMefjdqey6K5QE5su3uAnt5Wup3GtfWGJkF5jv"
66,"13nr8mkbjiXLAtXtVynvsNtZpfMkbptTvG","5Jvc5XaNK4KcAgqpCPbyvLErMfmth41eFgFpjmeRs5YVCQ1hkib"
67,"12x5SKfax9P2Q9xnqEL3U82NShpWcYeQiz","5K5Q3YdyeVaYJugRSgsXQwg4u39o6JP1ByWUwaqA1QqrBfb3ERB"
68,"1MHMBoFkjyj9X5626DScg2wuxqbYetBqm1","5HqC2om1HR3kKYePtarvyE9f3fpCwHwrPtJPWC4So6mHrQQyumh"
69,"18UAgv7Gpwrg87VddGkAy8pLXwuKj3LBm","5KYBDGpbqiNVuFwAztykaMhxLMUsy3kY5p4HWfZBaEDASx9z6Mk"
70,"1LMdBVs46KCTUoNoJdqTwH47YyCBW3XzSi","5KjqTXkw4rq2d7GB5DUjyjXJ4t7CZMyq1E2V341YtG49X4CVCSx"
71,"1NifWNJG7T3Dhsxhj2jd1CXPUMk6ZZjEfo","5K1esyyyiCfzi8yN9nnfzP7vCMjVsTvzdZuDYtaVJsrcRLTBvJ2"
72,"1FpJFFwCs5kCxm9iXdvv8qqHyd4p7B99CX","5JbLU3GfaL9jaLic5KEPU8pLYBEEdNNKymNVqMctZAcYfmM84Fd"
73,"1BKY3mnUw5skpqdczNMEe4xbaekEBpWRNK","5JNWLv38kjEoRWbHm6PXwpmVFBvzDZZrgkrbCrVuh2N46urJiT8"
74,"1JTrSnY7tneDrRU1rKpH5d2aVVazk9Wa5s","5Jtff9hu5R3sE1YuU73GogiV8Y9S2sxdwdRdkMqNwcPRWirm5Zj"
75,"1CaEvhp6WrRjuTmH8QTWYK2evB5xR2Fqn2","5KYaPsQPhQWTwag6A34Tmo56z66xxYHXUbSoyFry3uHvYrysig8"
76,"1LA4RjgzKtYmu4vAih1RscwArur1JE7C37","5KMUA25SUTrQSSpgPq8bVNhyEa5y5soi5dNgiCCJ3GD6nqtvQgX"
77,"137q7QUxPtWe8uzXe7Hrpci3yp3bzfyiDG","5KSxkjUGtEcQZVFFdjuXRX7GCj5Ray9bQVouq329qgNuJwZpEYe"
78,"1NNuNSsGJHXLaS9dnZi7qzHm5vB2zXVYRj","5HpMGopPUnrMkqvp2bhvVnh8QYEY97ktoP2hpEqpj3ibKEMwkvd"
79,"1wyKHiozHQxrgRUSrKES5RxjL8SKP5zjA","5KZjsCJBnWb6hztswLGiiDEEyU8JWzYV6wmwociUVh3HgCZ9dbA"
80,"1HYby4szPy6pYsMm4KEytVLiEFzBf1npcz","5KcHUPwTSJ5PGCUpE9DTTAmdTRJb23JP8AQw1BR3dji6zE8pfZQ"
81,"18UCg8or1e2G6FBs7ZLgrGSFneMbgnsZ5q","5KawdFS8us2cnE33s2YkoQnLpXyZzjJc5TRrecvFA1gpJdj9kTC"
82,"12KWhH6LKnAaVMyFFuzi5Hnfn4EFFXEY7K","5Jt9fLu1vCKiGYnbqGeGYV7kVWz4t6AsG6vApVwRSZ6HgGbeTGr"
83,"19cq8nhhfKg4Vzyu4hbNqE3jqfd5PQJgLC","5HpbuDTnKEWu4YUvqbgraEgBwBkE98aAQSUVuYoUb97QwtjRzE1"
84,"1HTuGE3ZPCcQGRGbY9VwPqCqb6GbBVeQzr","5JPmvfWbLkXGtpqHgdNyUuEEgnJycgNJKuw51Krrg1C5i5N8F2P"
85,"1ACcfD437FGaZisDWPg2hNutesJ6mdfYDS","5JFjQwBpuoJAm3itDsVmyLVxcKQyHxpby4JBuozSvnAjKpyaDoC"
86,"1EwskP4wY5PFGgNRhg87L7Ui4cbECchmda","5KCCUuGjZ7vHUMWAHCfQUNQQYjzSK3pnvgDMpkLy8L1TK2Vh2Jc"
87,"1EfFqdcG9N3mBJ4E8aTANTewtxbLvGXB2X","5JR7CAabQTs4stDMwxQ1u8D8XudVieoVDppRxptNTTCPeNVeiAN"
88,"13PB8wXEdXJa57B4CM4tWq1Bf5N3GMYmNq","5KkcNZe22vBYmsVcgtwRz9sBTaxQWkbnvLydUetsukJTUXLFDx7"
89,"1Ch1nbHKgPoidNxbBvdrBcjgkkCHYyDCuk","5JgiceCuD29gste1pD2GLmEfyhG6ZGMeiUCYbMMvRHkiPJe1ht1"
90,"1AK153hAXEGAftMCuahy6by9CoefnZg4Dq","5KZuLBV4fDxqEW6x9DYDNrTBCFco7L5R1KzQqqmH8yvNX8j6ijH"
91,"16cCchbBr5VRL6yC16PLKphzXQFromifXz","5KUrs9N6k9LuYhhhSLwnc11tsDbToo8UvE3Ydi4JYL63Fc7UCv3"
92,"1JPWRxXzAZymUdgFtoJ2raKdmQsAxX2VDN","5Jmoi2k1NPPXXhmLYkVkYjy74qWVpUDtr5AWvsuGGYTY1Qi9j8m"
93,"1Mt4q77bACQcW3MXipBgUbdur5CxTFCz4P","5J2KiwbbXez9i4rkc5znsQCsYGuW9YPJ4Yt5ZckUMQGEPThzUBv"
94,"1NR7hWkSrisznJdnzZpfWULz2xcNgopFY2","5KQfgFuiHD7JGMWW9b2zJN51ew4P6bkrksgzToousy8sMaWRftU"
95,"1QGM5pUL54oCAfDc3vxcstFTqaFvMc2LkT","5JeTfMnEXPeXhccS98mbhGmAyhbLZyeXhuY4HhhHRZFR1AdprP2"
96,"11vAsYF1j5Yn789KsNpwLvcnJ18M7JbHY","5KHYcX3oYHfH8t7Jc15AhokcCqpqtptuZcCccoJHo6sRYA3ZnYd"
97,"13Rs3QWS6duZ9UsXAXCwAMJe3AP9GrFov9","5KZJyHNnMrYRcCLTwQoETRxfMZWoRWA9qok8RbRLMmKdfKSXVjN"
98,"1HDtYXDqDX1UTvrG6YipKbZaFFBrzJQzT3","5KS6ZhQ4RMRqivY6WkWHrL766pA5NS4fkFiyrCd5pLUWivZKFHJ"
99,"16RiXXUFLRP6Mchnd9yF3GqbasmN5GfhFD","5Hqnxi4bKCfqSvADPRoHMXZHe2e4x8zfp66Xod2szb9EXnr8nUa"
100,"1Mu8mhp3JPticmkZtiZfH3U25CuiSQ5329","5K7sMfJ6URmjKnqaB6p7WpvXP54V3M1dUoj775sy9jtK3jW6Zj4"
101,"1D9LQX2LXbvpx22RfQPJhPHkGyQfwnJZQs","5KPHJThHzNSjzt7CtjGSjCCY8C7Zc65TPypZT9Ld4vAfa9FNJEh"
102,"1DTJDz11HfoiqmXJHFokNiENAfJb1huk1k","5KDDjUo4TCPJQL4i5MNGdaSNfiT9EoWf2VdmDP9uxvnK38nf9Sf"
103,"1LaUv8qYYgNpjnaC72CKrbaW1zXafykmb9","5JQnft4tNmWjeJWjD2v1WwQ9U8SF62c7Z1FiUQjwGThGtQ9o9Hq"
104,"1J37WDSz1XmYhoXTu7cZ4qjuAijFsThLQR","5KCu5zxN2PXBrJQoHCw676agJhG2qeGddaqHqAcERAqnhEBMDGg"
105,"14PHF5youz7tHxTsnzdyYJ7Sozragq7hNQ","5KRAb8xAJWmCbL3VuKYY4MjyWwNtef8rETKzWYZ3oN16aTm4eBa"
106,"1BbFZaQxWSgjGvdzEwKGGQ1nEVtp5WL3h1","5J37CvXNinTqJafj2wknYE1vAKikMpzKkmibm2VEWeSynrNZX9Z"
107,"1MHHw7MNfamJvHfTDz9tnvQTdizGbWsZ5o","5JhvQpLbm1dyCqzej1PVo7URBN2YV6fHWgMkpgztjtfeinHYjSz"
108,"1GM5uvAvy2HxyEnz2iJUo6tGfAhfBQAtJf","5JpGegta5nppK7ZGn6bhuQ9gWYoHHMQh9U96p9Y5M4RwkRWALyR"
109,"1Cy4pc1SiYoddhnDpXBBm2ehDk4z26Mb6B","5JhpFPiCb6VH8XWQBvu67qNTKFN2LV6iCN2KeY9JV5JTBGSGsV7"
110,"1LkMSDMtCManvRMXsd7EmSim3eNuHU1d7R","5KawPATq7exqytEpdJBmJLo2aHj6hCgTEPjNqgUnyx4dLE1VwjD"
111,"1A5LAjfYZ2mYZCEKeA69WQffSL4FmW67o3","5KFYNDHrfiPxP7RobHv3T7JsBVAokg8ctubNhAXhQ5xDcNDYEyg"
112,"1AVCddDaGy9V5KSbs3NtEjGrwy3bAarA6J","5JQiS3octVqZ489YRmaUnc1QkKRuuGtKvtuYgMHnaT6kyQ1AZng"
113,"1Ld3nGwCcAtR2R9RmxHtU5CvdoSStXC2Um","5JUTXfiX2q1KGntCaqz1EACe1UwrGQfkFy1aQdwdToGpd7dEFWB"
114,"1B1Bc6MJNk2qassSGRtiRH8gXQJDNDo7Eg","5JdN9nvxd5fPmnkmRBFfJcJLd2oSnP3P72evDbDBmRUGmEpf3nm"
115,"1Ly42vEJ1U2hQEgY9U6FegNVHKZwMEBkvq","5JFxY8cKZGGhRFNxsiyYB21ettW8gYivrb7ZwkSiNXePmXXGMfG"
116,"1CuKGzy1xzFuT6KJwaGh3ErajxjJeqeAf","5JgF6tuPa1E8962Kbxuq78ARw92sBTKi7xJQoCcLMKnfi4UUMv2"
117,"1CVytppkZXQ1Njft5BhteuW64yhRRuWBoK","5KPAcgACEBSNaqxtfbJkvonE9bd1FuZjGz164c5mVwtxwdewhhM"
118,"1B1nzM8ToGBUJE81nFsBvmtudtbgMFzSmV","5JcR1D6j5NvjvqUhcTU1T6TA2XSFZDHWGQgXfgonkYrm7AvfCQe"
119,"17vnswMaZVeP1N1DLUL88v56Y372Ew4rZi","5JAYPXWoubLFkR4x7Tx9en3L77BEPeD2o2j8N5V7U4ESTRCehpc"
120,"1CtYMP6niRJSkq4rzFP9T2bg4KEgMy64EW","5JVEKGhnAREcTEqYQXm6kzAZ6AA114CXwaCikaWZdUnzoVtPtgk"
121,"1JtYmsrL2GU4cQJj2V1QYGCzh19jpvYiwc","5JYUmzFoCVx9L4Y1coJx6a5FVhZjz7N2nJUs22rxx4g4gVMTMcq"
122,"1HQZruUCHiVae7PXn1UaCbnTDmovp5TAGP","5HqbAhrzJiU9mvfBoz5dgbqbtCvtZTYRwHBfyc71LcAmuBysX8N"
123,"18ZGETn7bNYbA5aEZT9U5QtxUezPx35Mai","5KRA7diu1FapgRZdCGtUtq8kKE31Rs1sgAJFWUMjWhPADHFvsJ8"
124,"141as6RQyXwdv1Zt6AHiYnE2WmJm84y9zP","5Jk3ernzBKPcdA9kxUwZj2TYu8EuddP1ebLAS2GMxAuHRwTkYGq"
125,"1Krb9vQFFGe6fmGFTWcU7EPdJ2gYAhQUky","5HwKoeb3DP5rN7NSkTm3wbeCXdyPYzvUPMh7BiLq17M1gjV8nKR"
126,"16o5MuLS8XSoxtEgsEorpAbZEjJJGznvgo","5HqzeaAxftoXLpqDoGodJ4zs3UJjvf56vhbdNvHnegcV9jMf77Y"
127,"18XNPzidKGH2bSv87nr7LrXCGdoHyuwzqS","5JtBYEjJQ2m2gwS6PeaEAGPeam2SGKorH9xuTwUkR6TjuvfgADu"
128,"1PcqEeFXmSuTgu6hMDQcaNRKf1EEpnB4vF","5KW6q8EgJKNz7RGz5gtYjLU9drQocZYngWEBy5eDcTqvLbq246H"
129,"13cWrto5twMDL3JXGCf9zK6J84972sGxjF","5KC9zdzF6qa3TxdEw7rNVEMcRWmWtGRw2wm45eU5Yi4AK8iUYY6"
130,"1HGAKFC6aptdA3SPBuCzSXL2qrcmTDZhof","5JZDtYLZ5FVMkzdSS1YvZ8BADyNGFGDqJwxFm4bNoihruyZrnAi"
131,"17VVDHwHyaqi4d2HaX8LRGifZs9XizuQPA","5K9g4iXh3BXYkoWSL9wWwadTupUz3vx5nvjPnLPwRYk7sMRsec9"
132,"1FmxiohkarEQ6qsCyzizMhp73eWyEg8fCT","5KHmQkT2u7myTZEGUgy7xbiqJ3CCR7YCAprK3ggKDvvcs2zGKES"
133,"15XPLtzxDuq9Lv75dD9JxqaR9umYMazkhF","5Hy2sNsyf3dZ6DhkgjsvAM4LABbUbTRFq6sgGHdiUrwdHQdbbtE"
134,"13YiwTK6K4T58cJL7Eaxq9uNQuWWoLBfs2","5Jh9fbPygfbVKQrRDafXmobboMWWfwvkUmcaCsoqGMQpseCRzFN"
135,"1LbuJpMsbpYKV2RfvsD7X6PbKP6eUmoZYs","5Hzutv13LAkigMefLvqWLj6t6DCxjSVTD9vYQXiSigpkAuP9odH"
136,"185Aa7Grw7zGtjFVFJc9kw7HESgw9tydbB","5HwiUgivC6BC7dTqH7gJicVJvWNsZ3oKmWSQxDEdazy3Gx5mK2P"
137,"1GN9pSnfdVgzVPEeKUwaWbvsfC2Q6qLnza","5JnUP6tGHiqofLg51HfP72gHjtFLN17zVVrML3SaEFY3Q9sS8Jm"
138,"1PvvC328Dz2KyMxUfrUgL67MXpjLZR1tw6","5K2fenx6zwoYhzfUczm9Msr6zwjaBANNVUocaofgEvRcSgV8SzG"
139,"1MZauSczrQUHSYhiDaGxaxi92MrvyjxsWH","5Kjf7LrfqAYU1AmPUbbt7ZSrPkLh53zr7UThV42Fr8kh7M2Cy7X"
140,"16YPsXoW9w5DiDnbLLajLFPU1YchcZuvRm","5Hpbp6EEfb7BdifCWKdAxJirBLDkJ4LJV2aQ3yFv5c7HTDcqs7L"
141,"1HC9i776A5PMj8VFXVR2mj21L5dTkSBQiD","5KRTX4CeECenqNiDyhGBz5p7wN8LPzaKJWjYUTQcwCQSoQPwYGz"
142,"16qrt5cYUD9JMnjAzSS9wErrRrm5FVibyU","5K34nur7tFXJkaWkvuZT3r74K8Nrq5ZEoeEN8yX8sZXLfpSWKtj"
143,"1QFozPp2bwqbXD3PKJDCgTccf3BPgcbWfQ","5KH97jR7aiZFrXRkpRpf9jqSMzyFDk35A8smBVVC1qpj8zwSydU"
144,"19Z8oML8xZkdLV7R7umQqiCnrjdCKedJyE","5KYeEUEtGzyAdmcd15apKkAuwANRBnfJxtjD4DZyAw7zLCxF4fX"
145,"1FTmZ2bgRhmcypYvfE9VtKSRGi8zPVTTDQ","5JQNJEbhsj8xoeYSuDjdzMqXJgBQM1bgJMpGzHTkw9JhKgRcphV"
146,"1NkMt5WJSYKbYzTsStKe21BQjNYaqqUUHr","5JSiBNdjJbDtgvqZahcYmELeCjj5H6N8PfSrea74VsX8xoJ7onk"
147,"1AqLa7NmfKZdbALw7Guokk6HxDrX6poa3N","5JQyKVEbJ35NZRVySSAagfcW4ihxHHXnRQBLm3mgLRbqrVpXTNY"
148,"15oihGw1YNt222GTzPKYnfTXt7mWNGpNEN","5J2GhnjUKkyGQ2oqHyjwTtrXaNHmY4pL52RMi5R8PAVh5PE5vi4"
149,"1691yCXErUfPK9uyNd9TQSa73xhKv5TxYb","5KbJdXJHicM8matdxf8B5UoPYUATzzp6fVTd3pkGfCULaB6dSPy"
150,"19ym9CLjmKrJSfCccFsPmFKn3KeU8FUAVL","5JZJUZPVm8rWY5kpCt2BpUrTAJVhLjACs2nd92uwqS2jv6W4GsP"
151,"1LGzqftt6b9yE7sSMq1p6wxxNA9iRrd5t2","5KQDDNndKnRRt638XPQJk3b5Hd8Yn9Zyvf3EeyhmbEbdH68pBiC"
152,"1G6ER5cYS6kPUSMPagkAz1XjqKVnL7KHJ5","5KXNhmojBTU8QJK9suaqaJhLnWgAgwnLHNJM95gMpwehuFqG6nm"
153,"17B5pQ7XT177bxD5YHeai5tFKkgxaY35kK","5JZG5aYsuh1UewYjBBGstbEqx7rznaxkiiR5ZCsEhosaoGhYT3V"
154,"1NMP7aHP8egGgdqbNMEuoaNdLns9N3vZd2","5HpRiaGEyq3yuCVc3ALoihD6MPQH3rWSthPZev8QYmW65XmVabh"
155,"1KVCEcm286StcjtsC8uEAafQPUChobHBTD","5JwrreD7WSMRqSt17mbWK25KXcgUkfjqN7tWjr9oDjDRwAonWj3"
156,"1F2vLZHWdJwJminsYbVuKDxpt7WaBqH3uV","5J1LB1dfB4C9wWnzGG7A3tGfLk6ftgen1CrpRjaHYpfPp8T8Zjr"
157,"1DVMH2k75n3X5g1kydfmgXmyG5kzCPgnux","5JRjWseRrwrEWr34MQGruovdpYcCM6wh13Vn1rmZnzMBoNAB1eC"
158,"1BAqDxFz7EFRCKHe5PERojcEewy4TxtXT5","5J6HEBkCpHtJNhmwjKJzqVGrEjWP2K4891nZUguzPV7Tn3Ejfji"
159,"1CQDAyrmxpgkSS9vUGWHRSkEVqXWtzTdMr","5JUReRwmyUwNmjpC5SbFJdtobppJMBci1FPJ9gmLYKWzbgCSMWe"
160,"1Jir1XNSJcJgaKC29TkwaS9B9kzzE7snJQ","5KF3MHu7Z3jV63su4NNAseNMRkdf8my3XRMCcNsoVNp43BhBRUA"
161,"1PsimuCHoqKVVXBnZZPsHEfuoi1rjkTveJ","5JcECN6R3Wor2gRUTKbwkZrHQ4sLrS97n51HfVcXX3JeYaPZiCM"
162,"1LjY2nfzJk4XDLA6AwNwbQS3PmnKrowrYE","5Ju2o6aqFRuSXQEoQWakpJ7Bd56NbcReptj9ZwABfFx4VKxCdZc"
163,"1GQCQbLe4oMAJ2ixvyyr98TPQpVXAVJuaq","5KAqscoRgiTyesFvgSkfH6myDCh9FAdUNN9vWAoNrWSQGa9vLvk"
164,"1H14V6963Dnx7HdDdUnjToLKDFxWQAdVuu","5KHNPY7PqHhreFXJMXfC5tqYPPMWnnUQAycnW2NgRk7h6kphRgu"
165,"1TByu7kttPzhzm9WBiRbcwM1fXeHho2uW","5Kkg5ZjfeK6CjS9x8Ed4QywGAgxZmCQcercgFgNPyjsfRGrscV7"
166,"1Ky2t8sfEtv2muVCi1eMxK12on72nUB5d6","5HsbGFau7vp8KsT7ZLDeVGLdsjt2onT8xYAdjjLsVbSiUKbDQ4s"
167,"1C26uUo7TrJ8zmNUFw5hFV4bgf5CjbwoZa","5JNB7pMgez8EzAFyMiSFwNmoXxbjFWpih2W4bwqJgzuDeQG3Xm1"
168,"1ECZQwtk3Z27BN61B1JCwBdubocEqRNRSQ","5JCqpCnG6ZQ6ce3bgkffQeqpWovzAJSHD1okGt6t58eHikfhk66"
169,"1KLuKT6pvixXQ6tqYQgBcy1yXqPCq5AApp","5K2cKiGcdUzddpxwVa34FK4fSfJYG3dtSe5gNHGqevDBEYF3wMo"
170,"1HayWp7AZfGHuT3hgGCRfPNgYFKvKhcj8c","5K7bNKwD4cq1a81PAsTGLji8eMS1pAdqTqXwxqLeRWUK6VqdYnb"
171,"1PTz7LaUnZvXAzf7t36PbShaEYWAyZdrKs","5Hznzwyb7xNAwfiQfj4xv7PaaefodBkqo3pN4o7ySCtgWRP4h6D"
172,"1FutnTtmTyVpRNbWrEfg5rzAmdXnsQKnGj","5JuaS6tPHdtxM6zkdb9VLztBBZtwfG8Fe1vvhPDeG4tt1LP5JeX"
173,"17bRdzMaW45nPVXLboQFjhVPVxxHkE5FTZ","5KYDuJH19TD9pXTnJaCz8D6i6Ptr1fPLW4HSzv1phYy2HduDw6C"
174,"17ybu2sJ3XVt385yTwyMtEV2dFQNDGFUqW","5KQxPPaHDHzZk9zoPREgiAe77s1kB7pEp16x5rWyvBL3C6ueXJj"
175,"1EUxNJt5NkPxBNDFmvh6zsXhPeTii58VC4","5JBQSMEd1fXaCHsZzXPPCXxyymreaZhYsZiB3z44kyRpiSLQb1c"
176,"1CCSDsPBnVgLtu4ENpZtQgxu1Ljb4emomx","5JSArRNQL6xXrvVHe84RxMTKd2Lp6pEa2E26bsegR2GbyCAKRti"
177,"16Tq5Xv4btxmLszCG4ggqTBc58j8vFXpTc","5K88oH7ksgKHKHDUfdhjk6HpamVNxmG2F6YAgB5yjgZddbfbTKG"
178,"14r7Gtm471bW9VeaxHSVk5JSAit8pBdaqo","5KMw3TsFSjT9jZ4uqg1a8nHno42bxvxc9bNwbtMsX2L9SPdJmxn"
179,"1Fwwg441EmZzTycQYTKXmuohPCji5uHXZy","5JBnULLgfzdZReSPcL5UCCV8e84PXPoPufeiMVoWew4yYT5Agaa"
180,"1DqF5nFWGdUpjwoBrrpQ6Am32UE4vWstqD","5KVpUzFdtjiqz9bYgcoEgNj3U4nat9ePfeyLT54TnE94c9ZH8Ar"
181,"1BnWmoBuwTfpanv4jPj98y4urJCLg58q2F","5HqYXvEuuF7z1vxCX8tUdWcSKL86qbuvrYEnUjY5YerX12gbxcE"
182,"1EpVEngegs1WWZ6pKB5erokdTGz81d1SJR","5JTZxNe2Yr282x8mMMLxPM48xYA4f5TNVPEgvBzbNZesqWdpVnK"
183,"1BYGMhu38t9ho3LCCj4iaZDqjujsX77VGT","5HwZ9Hsb9CFVkun9tcdKnf83ZsZJheMgVJqrNgX5vYThx6pcvWd"
184,"1ESxkHJRfE71gZK2niRjp3B669bkYEwoXR","5JM8Sw8qfdkVhDcvZUSJCB8GP4FWwJUu7KQhyL9NRnFqRuuH4Vh"
185,"1CdjVEbxeHZe9HSQpUB9vcg4uf344e8QPZ","5KRiwKet1Q8uTsvcTT2uLoAymz4t1v6w1JfZJ5n6HMid6jhLiqa"
186,"17sknXZDn1dtRhrWdk9SikD8UeBx9ah3jQ","5JAnEve9QuMyEVPVnSByeHdiDiRgAkcNkmGAGcGBWR6tqc366cb"
187,"169CQdEzgubFnqfTdA7z5U92QZiWLkeVxa","5JfJKzGG5MYZQSPr8CrynzSsfjKrGkVcdLnqtzdT3oBbB6jdpRb"
188,"1Ja3LS91Y6nQtfGRQDeNkpJzD8K5HhFvev","5Jgctg8QeJ8eYc5RZpYahj858NUrfXVmR3wgm5wDYGUNiaYuPWH"
189,"1ChDrh6s6J3bMHSUCNQRFVZwNXUFmMWf7t","5K6Lx51twiGgbTZDTibe6gHf1rsATd8cNHu6MXWJLCnSwjSNjxq"
190,"18EM8XGCHLWnm4Dmco1x6zCQhRAx1xrN48","5KVcVWGHf4X6BapXbkJJGDH4mz3B23tex7o9j4KZyuhSiGVNZyq"
191,"1CDLU8q1qg4EzBLJGbDJYYRBRpEf9pArUQ","5J12hj7PNAGekPhe3qzCq2Q2pWGdY63eXa9PtqmT77XrYppdEZM"
192,"17i8sJYnm68xYTVW3SKeptnPjXbEcXVzQR","5Jpu6tYqoVwvDNKk2XyWFUCgtpSMxD9WuShw7bCu1a7SKQYLr9b"
193,"1E2pVzWkuhA5uL4na51AosDXcLrRWXQZ1b","5JhVLGiDxw37CBUTnfyzSih5iDN5jVWgWUMTdmi6GnxtQLirqNd"
194,"1Gez5mHYLsT34DxE6SaRN36fpPx9EprKtd","5KVcZYCkoowckSaax6TzxewTYXQatzvsmCPNPe7XKjcdAZxCu7C"
195,"1KUREJEQrKST32vXJrgrosNMKss7G1hhM1","5JvFGrdizXwG9kxzHKpsrWhnE45BYqLcnPDZcJuDiSxyNxENriD"
196,"15AP6Lraqkp9gDnaAimt5rTnKMvzHyFUpK","5JQsypfpW6vGLRqmqm3UK6kuWexATvrQdBRRGz7Fu5RnFPfwMNn"
197,"1PguN1e4fj9ib8Fytm4NukvEProjhhaUb2","5JV9oFTey1r6FeoRLSKk6d9kZJTGxRfvBiEdZHNjQgofEzCxzK1"
198,"1BWzLjRWb37KDNRdx7pKzySPPDKvFWPwAW","5JbjVrdKcEScWWroFoLqrFbvf4u828PetvR4jtTPZtYjEFGVENH"
199,"1JQXwsoVHkWc53qjHkc6tz8TsY9adPfvo1","5J1LY4Y1PfbsJ6Ty7HYV2zLeVzoGFTYAiAQLYiiKWsSoLy7V9Ka"
200,"1HoiNKd5QRqGJZLxA3EZrZXxs4UA7cetmF","5KZnGTGk7aLAEWHNXcbiAwjG2SYE5TXXZLnGEk4MuPc5NkVvFcV"
201,"1AQPxh7MKcRsHPGF2aUKFqKDbUAyGN6gch","5JFtG6B5qAnNVMYtPjbWT4XKKNUgXwk7btovhVnPQo9XmVYBX7q"
202,"1DaGZGQYdvNgrtSyAyp1edf9YnjBaQLGfJ","5JXeNAMNeSsxEQJ7TRyUnZezse59bYYzwRXb5UcrRB5XUiZt5wo"
203,"19Fz3uqbYUUXNu18ieNuTjqbC14njnqW9Z","5J1eKgifUWSWpdwJcpXq939jhR1uR7R2xeD2iZPJ3esUXsYbzVs"
204,"14xMw78DW5N4cyWmLVrie43xWzMXwEw7jY","5Kc9rv9Mt7HsTwzMVt5K7SbSm1JDf6Nzap1dwiZT4BY5VhaXAr9"
205,"1K2aTzUrBAWhDC8ckC8NtjSBCCGWFU2fM7","5Hx57NTD1xkS4ENoBHPCXgsVDXNhSZWrdKdKkiTsg6ukCKaMLAo"
206,"1Mbto5jXGaka9pcNQNPC6W97ZGDTJ4Siye","5KZJ5XMBn4bkymZCJfuyZHwNza6sjvyvw7NdokCBF1ETFtP1Pcz"
207,"1FSxf1EZJvGjuv31M33SCGSSqE5JotVwU2","5KgvVaZwronG1WnGVxocT58NWcaUvg3sHKUWfsrB7TUi9us5e5V"
208,"15AnYkSWkoFshuSiDo4PuXSfH35g4y3xDu","5KAc4tckZsAtbf7zJ66whqBE4VCsXrgEwMU9fJVijhajpA84qDC"
209,"1Ed3ZNa23XQG44gWr6bAWD9cnuva1hEhao","5JDBZhPSWesxwJcyQVuMNCrvp9UvLVHMgnjLceTNN2Aiea94f4V"
210,"1GXmYsYwz4r5PKK9sdWFC4dHwEQ3VDPnZi","5JGQBb55JgZrnzQ6HoRoJnyT5RvxNuHTwctz3MtUmZEwcs2PvJ4"
211,"1FxNQEywELcuFY3vz9NXo9jPXmgKz8GHaa","5JDubZkLaJq1wCTfdAPX1pvTg5q7FGzyMDWGZUScyJq547PFZVq"
212,"1CWNARcMpBbWuYPPQvvN1pzk9i374rK1X1","5JTFuzLNfWtEk4M3eg97wYLdLCarrt4UnZzpfqxM6vfyc3jVSsS"
213,"1KMcP3TJN8JaEEbnTrrKoL4x2Kv4CkVwZd","5JwS4qCh117yyvW2FNbgFaVerskFu8EvEvhBy2oMsRXD2JwmYn9"
214,"1LeUVaadWmNZNnnpRkeaNF4vECMdtzyVKG","5JR6K2MKZkQKqHDvfJmdjYV6QNQyawDndLaNoPGbWhuCjpTD24p"
215,"1KrYvxc7ESdYj9PCKE8BXcswQGrvgf9LGn","5HxUhXMgQPR1Zrt3QgfJWNfHFXX8mZfVrLzDuzDNJzig4Rfkdn7"
216,"1PcRH87HyTJmMDmxNYeWt5tY4MRxjxAFkz","5KD2ByaMGNXXGi711pWVvL7JTiSyf9rMMpFfgRUwKMyQEeN2RTE"
217,"1NR78jfMT768Mj7DYFUkExtx9q4M4AaWsY","5J3ggzEFwhMADfCSWvV8ZRQh1fzQeyKiGb1RYsQW2BgUffewhPu"
218,"14FCCZ8Lp3jaHuvu68d2B2jeScD42XBrYr","5K7kbpZkMSjjY19uy4GB98uG4vE7x5DFeAvdc2J1k2u66ggrEeA"
219,"12xYDX8Gubpgz5QATXG12Hn3GK7zP2enre","5J5Mn7cjcLQYeMRYyfNsbqNwtGms38Pf94A3ftgaxfBkxr5Gtix"
220,"1uLWjUr3LPPAL588YYcEJ655WrKTQx89i","5K7heyMUTxRPhcAkd9EPtQXU2TsDpL8NWw9c5kofRuK5NQoxWRi"
221,"1BAM8t8HWqZx5jUWbDSfNx9NzzHSuV65nD","5JvR7j86sYrsbQSduijmqVwp2q52JeDPTHdsoTLj3iPR8TVPLtj"
222,"1E6AaD4hE2niN7nVdsj26EU9szWiBFPPs7","5K3wZZnMWY2YAfsYb3sArqowViM8YEupd5qsKjEks1cXjaSbd1o"
223,"14vmptwWBtaJjzDMuuatqznPJVxKtX3L6M","5K38Y2mR8HLV5riTCf8f1WF2un3THALMhYTZhv56nZLXuVgupQh"
224,"1Epnacseqf3BUevEjKzZsdkhBAEpmEkVEn","5JP8soUE9kcEL2B9Um5nidnFdKX4F1DG2ZSsUKZsiHinEpji4ek"
225,"15gd3nuVgzgF2psEN7hYu9MRHfNSg2pCZs","5JdyLDfWFVaDQCiHGSWEuH7JKDGh3JzNLmcd7hXvWuHk3xhzwLc"
226,"1LB4gkmXA6FSgss7KAiPg9mWFxrhfzqtUp","5JTBk1rqhnCg2edpSv631fm85wDPvp4PEXw6cSYT6F1G7aQMvs1"
227,"1PwkPHeRTcs2PTKGccsx7cSg1wHutVDkKM","5Jb7SQaWiuPPpLZays72v4eLukiZ25Vw1zHBXBZJ4h5okqYY3yZ"
228,"1JwSth6peTpCgTh6skLtD5Taudp1amjq6A","5J65sDEyzJQnRVjZU4guDH8vEUSeWNPZBuyB26n85ShMiahjSef"
229,"1PJUm9tpXgNbRteeYim4xfBJaddSMu2drg","5JgFU6zyvJihYjRH8oaAaafyq2zeYQDeX5yYVyF8MMofECeTCMw"
230,"1n3LMSm8NXcUvZUxC23EK9sp4fixh2WJs","5JZtyZAipHsAvJmffsE5YRMMYfa2Hbh5HMeJaxGwPRpHUeiw2rW"
231,"1McYTsXe6d8bXWRPEBucwetfDf9RKquUPN","5J3PZ2TiBYbu1z6ZNBaTsW5Mksie5oQwL81Z4qqBa2cjgVRTKw4"
232,"1MCFcuZQwi7vRdLnhVEzCmF3Th4LDyj1b","5HrUMwSpzfR7JZN2oJeWtZuJn8GKF7egyLK9NUgvk472Nd7gnsi"
233,"1BiKjXhufJyA1TkEKtWaTAhYxvnCEVx5iA","5KRS9PJnXqUM723hTVJ3pEns6YSHJz4bzTWFERKoNbRpqi12UNF"
234,"13ATsJEt3WqMNT2toD69SKcjLKYfvRwDVZ","5JYVwWquZYj6nsfdgHrQQuXGqfVtRFBLik64cLqXmiwzzf9uWoS"
235,"1Hf7fBFjf1m21cuM8VtMUTviQMBGcgiHCv","5JucMqHC9Q18r2rFXRyibhEeEKN6kMqafA9PmPjWTWiEx1Ym6rf"
236,"1ExejFbjqzkXWrKSJgRAVVQog4E5R8XBiy","5HtGm1dDz88ZSBr6Xi6y5gLTh5JQ2diokHMkWwwmiXfG7E1koXT"
237,"1DEPPAZrmsNr439ZwkaCryxxDjaYKn8AR9","5JhTCCvnpD9qXPrLUWFr5Rv5FNMq8dU78DHMdEYsNumtrU2dsq5"
238,"1QKgpsvQxRz91bkFFDSgpMJJCRGMm6pHu","5KWSBRePeWT29UfrSVqrBVKRFs1uewQzCQDQyuBAGFuLa8i1Y1r"
239,"1AhhdzXghvzvDUogXhhdpL2VcupJH3f9pv","5Jok8UB71B5B8uWyShsy9v9PrHvK1K8aGocH6jMxUyciEJ8ESZj"
240,"192iEs9vVMn23XPNDvzncjtrQtJGkkfnPM","5HwyRKxK7gx8UwrfDuENPQwTFC4zgd9p5poWeRRhcpHax1Bbj92"
241,"1DxNoGNWQHhRANPpZnKvFnpZ2tRFqbtEnn","5HuakSkWAFdvBWLd1KHcKHDgCrqJCZq8a8em9NtYhoR4Fym3jh8"
242,"1PbteS5Twcx6rXizwi16iX5PbtmMoS5BsK","5J4SowiNzA56Uf8n4kc3vkEwWi1JUqfh1V8ReAoFitA2pSMxqoS"
243,"1GsyjChJ7t4qHxe5p3uYNDLP1uhdHCBxKt","5KYDRQ99PLsMrPh1EnAZTWRhiGyLSZUDLLnmqjznAMYjZ3s8bkp"
244,"1nv6m1zvb4F2Vo3RYB76qZLDqw5NFEgf8","5JjvccbMgHafELepogRjJ42Z81WLFsfS1KRcSCQqTN8nGY6bzMB"
245,"16Yyq8DRMJzWRvCzoDnDgZR1n5QderoreL","5JaNAtVPwXRiVjEUhYUQnbD3aydyQ1FzStV915NhSiDwAnmQjSn"
246,"1NTc898q4aCQsVTy9K9mfphzrhLtQQKvu6","5KJCRqMS6MbEU1zs4C3NkeAzVMUWX92G87ih1AW8UiDizZtC7Aw"
247,"1De2LDVPXC7WEnFN2MHnaECXzBJ5VBCo2v","5KZVTSsz946TpZnugUaK1nXuScwQxM29PFtq4PK6rWCLseDVjCL"
248,"1QANUeN1PQLfXUbPpGAKYRL4UVKC4UcVJc","5K1KtcLB4pPeDsK5Q9PL15X6wepf6uDxz2LgeHh4yHwnD6Qrenk"
249,"19WMGdQGgmdoje68GapiHjfDJUeChPxLvY","5K2NAEhrzECjWg7DpSNmbjRT6yT1Etc4fKT4wjkM6jiLo6MnpRi"
250,"1HL6oSXxHG2LS5RoMVHwS2ier8Xeywfzjk","5JKz83qr9GAn8RMkheBucrC8CD63zxNdRFBWkcUQhGqEG774AWt"
251,"1FsXkdZfDKm9sSWus1YcRJqn8mfb7cEpZC","5KUNWEvaEqQ9Y44eGwR3bCyQALzJAXd5ZdNgs4X2kVDbvjpAWGF"
252,"1HbpfwhczeiTdpDrYvLrfavctsqB3jzvC7","5Hw1WV6iaHXXnshyjPc2QUYaftenQ28MGJRpFoy91PZur2SijTV"
253,"1GkaH9QWtffiaVpKm76Rjnds8FZPqQjEmV","5JRidfqXXX9E69rCdVq75a7GTA6hd99MvsJrEGBrXWJ4edJYGed"
254,"1DQ8TAi74pbrUsM3UjgpqFLiAymqw1WPhg","5JuCRtCWRJJWvdGP29PgSJTj4L8hPKWRAMVDq3wB6dzD754Kikj"
255,"1BYzDyd66GMqnRScUF75qRwvEkDYsDmFkF","5Hs5dBQ8Djs58ecBwF5PBN7KWphqX7CtZtKhReaeAXLkb4hMp6B"
256,"1NKSC7akvtgY5stZCWssAYZw7H7vZGgzDy","5Jgkc6xZniCEW6f9vKBHwJjeGmT8uGXjLsdswq47L6j2Xx8AV9p"
257,"124odzjYyABCQDohVFBubc6WWy21xwfzHc","5JWsDWnwroDKmYv1ziYdpS86syp6GMhXigAvEkGZFCPauZq5Z6v"
258,"1DTDLqkWB7aB5ZzgFmKr7oWeNzBXFY95hZ","5KSbKo98mDzDUE6zZ4vnPE3AQ3zHWeuar5sqLdyy6pNHLH4p8K6"
259,"16YFZCbngGQ5vo7KEKre3TzfhWNJnv4gJj","5JnP5jKyD1aDMiKKXTPXbEzY6RwyGQsfyuJCXtg6KAtnEmcMaaL"
260,"1GyRkg7HGdNufHoNtV4T5P9LDXSUGHQGQU","5JiF8jqUWNtGs54s5tD1WNxVZN58ZYAJgUWLJnSrMVeGyVFKeH4"
261,"1E52cuqFnFaXDCCiXiAEYvBYMVMyEWK2EY","5HyMeZApy29mftot7JqFoCWX94RSwHiX5VQjLnhb9A1CNd3GiHg"
262,"1Cq2kDvAL3GHLYZf3RDh6ZTtHJcMjGkCQB","5JtHwzcqj47yHaNpLYrueyTAxUQnPYbxJ5rdvKKp4FWwVagfNoa"
263,"1L7mNmHE6SFrbWj6qk1tdRrJZistbJuBup","5JGT7yn8k8buobsQdEnZj3jVxxjiMixYefVG4ZrrVFQZDpipLgv"
264,"1EVQgMU8U4UCnYKSGF4BaYX4sCYbQYdEu","5JqyfL9E64VoZbNTDkgu25zU98Y1qkn9RNbtDTNzRqqDy63aTEe"
265,"1KSa2dJBFMus2opQGCVhLbNRYPpUbfw6fY","5K5gWxJWnGcuEvWQ8GABGmyNRWQMbQ8DxfSmdnCPoBC3EhMAR2Q"
266,"1J6tZR99Vu5Vy1Fq8vUsX8frHTqCeEFMwE","5JekeNmtKakySYcJD7c4ccdLucvTbkvdsWFp4mttUxAAshCNymW"
267,"1MK8jypkrajLiGFZF8zh9cbXwTf2qpy9pX","5JHBA7EcEvqGL2JBXWSHtMPJZATFieaoNdtJkf4KXzcRYxqEHgV"
268,"1GN3TANsE7onFnL5LsfmLgDBrCFDoDjkJy","5KSFLGPbKLikrpPa1rcHBq9xLBE3gxDxnhdDfdSEXZ6VKzTzhUF"
269,"1QFwkZeQyVmTiZ7Cxfim6nD4kTWTgNwMoV","5KAyjbNNo39ioHEc8GkE6BJ9U3KejkuoVPMpr8PRaDNmrR5t45b"
270,"1EZLe1rqn1aPP2oNYeUUP4LiKxaX2w1STc","5JAyLC1E5GG4ZXMTZXomVvjYay1srGDne4MSmNGjK8C9fXAPfCA"
271,"16xjy9C7StaMHQErUFGtts4qx2kpw7MgYe","5Js5bsYu7Xgq49HSY1ww2NJWFFHUhoapgTDnfuQ1vtEdTuFKPP5"
272,"18C7SVW3S6JUUfb1tywwpeK4VLZ34qw2vj","5JvEH6J94eGyRvVgT6nZvAthbMYFgESGfs8LVnhBfaC5bNZ2V6s"
273,"1GJnJmADwPVCr2zLZnvp7LjpyWis75NAfz","5KA4gBi7LhaVc2r1LXXSnajExHMHmHLzUeACqiD1pm2Ub3XeRde"
274,"15E27M31uH5ns84a7LXikhX2LHCvbiHkzB","5HswKSR21QXe4dDHrU1W2EPSXdMFr9FAj5s9Tx8u8yXTVYTAD72"
275,"1DRaQn1GTY928g3rQawmTaFmyTCworrk1E","5KPL8MTCNeqrYLwRZjLhnqcL6iiBP9FPRc4yfKvcxrNXxCU7Xxn"
276,"19mrqjncX4BWZpG7Xg8bjynRnsP5GgNjtX","5JXpKBi6C5zPxfxHkxTDnFr9AiJjk5GaBYx5qeN7DAQfyya3S1F"
277,"1TRUQsvNHoewg2raUxvCaVKpQp6pePbTL","5JEL7RSwLhrhVz3KnN8MYjhERBZL34cY17HgEUAwQirNRPhWRAV"
278,"1zjnJbTLaDPyBMNbjrJwLzATiKnAQSWp9","5KGLyRxxRvZBApHdcS5gh3mDd7TXRAgCMgBPhjN1CxaiNp2ee9p"
279,"12s9Cjrt1hvTXmLstERW433iq8e3pqSB6Z","5KAKxt1SnPpQBhtPyX6pURWqiyXhiF9Q7CtL3eKqJmCpenzYHAo"
280,"18KkrTXL9QGgX14ZCv86d6YV9VrwPYYVZH","5Jp7Z21uoUoZecPJFDgEy1tyQN7paCDhyyWoZxN5yvzKPbtBQmN"
281,"14tRkfxM8W4f3jUmvJGnrLPVA4EJeKfG1Q","5HvMz7qkXA2RDyLmjK262Rdas189Z9xfRD1TmsC4hKRZey6wo9H"
282,"1NCKwtA9m133V9SoBAqNPw6XNzgG5qmAbM","5HsS62iMiLem8w2TQEe1jtNrpxPXD79X21wmUAycisTutGJNKvz"
283,"1JsYTdvwATinMNFqwpm5ehqD91JjFAYTzH","5Hqyg7GgTMKY9PkyD1tkHTqvziDhGedTHgyybQj2kg7TMEZccma"
284,"114xwkjWkCWNSkTWAZicurfmsDAFurXBZE","5J8anDW1JL44iLN2hbucYsrZNJfpUxxbByy4mDwJDwxwR7kH95Q"
285,"1BD8LHe8ncdvqaZJVoiU4KoLDHKErsoDUW","5JyH7Aj1oqbjfN8RZGD5bk1Toz68K3TkJD75AaegRHfz1UqJtpW"
286,"17rCSfLGe63Y7ZvGkUF5NAFjzk4DPwGUzj","5KiusMg6pJQP9qpscfEtpNDaHaWLo7xBS1iXNmiiBXLdsDSyYc9"
287,"16JsGjcico6nBYamHF81W4StUw5zn6Nuva","5KRoX7Xb7t8qDEtNZ6J3ypqDYmwjYLUitaF31dbXUtSNFPcLr1A"
288,"1A3Byrz8WU5jTbWziBbcgXgd22QmCiZAUv","5JaZYce9pnHVFs73BsKJxY5BsucsKPUnFPWtQF2QnZC9kGaRXcf"
289,"1GyMNxs9rG7xKHDZEjnZif7ETcDsCGnKcN","5KDaKVPV1FGyxywp4kQyVKrK8r64tWyC2bbocC2bUBoX8PW9cWj"
290,"1NPdtLyFoXc8zEgrrKUvWErVmjB3Lnm1eZ","5K8NX8WEkDYd5Mmm2RDi8gVdAoRGaKQqVy5k3M7t98vwxaNtjih"
291,"1LW1ypsJJPEC8sxKCC36HazuwPMPp9xbwN","5K1QursC3soxteaMBCZ6fAdk9cjmuTRUU6iZtrRARsqUv9iguWp"
292,"1EpyKqzf5cG9B3RSF5tedx1Je5gCRBkAua","5JefZ8mvPoz8tQ4kDjh87FS8bKGEZWj5xvPiFA1EMS5BxcfqnPs"
293,"1FZTjzQWp2uc7oDpyHX7kED1vGvwyLutoZ","5JmcovyViMvdRYtHwwpnzuQwvdbXd8vMt5v8u3qFFZCZtGbad7S"
294,"1KzGAnVjgGRYtLkt3mM9EsA5KpBop2WNgb","5KS7GzFGw7Y3Cz89GCDihLS3qjsuA9835WuMBZVrajGgC6QvCW1"
295,"1HELEHp5XTR2i6vDz7wFyX7Lv6RuLcP2gV","5JEoyV61kMcnU6pQQhzWyJHMapCF3NPN3Cf5ik14waVZPUo6Sag"
296,"14DhRkYwgdDcGuP7gGn89gsUVSjcDvVRXU","5K8w1YUopZZBBV9C2GSZfChp3WpYcLk8a15zc7SFFZ2bSNo9rWk"
297,"1NLJWREEscRk3oM6hiL62FrnMcRfcexpBP","5Hy9mrWtLL4BWXgwuoZ1WFBJaygkquq6uv269WZEAhniizDEYRb"
298,"1GbjvFRpdNZeawM7X28Fm1b6W2BpyHeKCs","5JNUka6EcPoF7cdo13m7sA4YkojWWVxPMrjNcd9MTsSK9QYQScU"
299,"1PDXa2phSH6CCTQmdJcXcwrtZFpPEQaHX","5J3h5fKeSRhzPQDjVCPB1JDT9pP1SypTxAa9HvRd8CR3SX5BRhh"
300,"1DNJAKuEWu1mQaktMh6Zhktx9JVySoY9hZ","5JxMVs35oJrfzx5RguzhuExmCNnAYuANso7TsgQ22ZnzKEQK5xF"
301,"1BpYofVAxXqqekeEj1xfoPxJam92BD6RMf","5JBf45Bd3wDaG8xny7RjE4GomKkpJvftauUAW347uRYv4iZfLco"
302,"17YqKJFDdwon8unFrW9V983PcsBxYBRP3j","5KEQ99vVt4rsu6DMvFZ4oMLzPvMhL1S9EFCXW2jaR1PT8DTpnhL"
303,"13mKpGtEqGmf7tDgALxZ3ewezduky46v6C","5JgBrzURTfxNfq5vRvNfqJv1mjof7neYADgEDWQaejBH6qEwod1"
304,"114a9SuvcoLpKinQABZJBM378z8UJxvdkf","5HpcfeX4jvm1K4UHd3qEDKGNztr1rp8NGdvuwb3gMf3DJhjWhCz"
305,"1PX3dMdJW1Mn9KLVkM7CccN1bY4KrLsAnV","5HpLurkQtTidbHiAJxhVfMWFr5w2oYgDxxFiWq55wXTyoKWBAWh"
306,"1DYcwXMgMrZLGQynixQQjp37uzbLYVS2RP","5KcYsDK9qf6PnNZKA88HjANMGSyJNqq2rufZwPtZ8Y7nnz4HwcT"
307,"1GUriY4p1DMb3dyNFKqtrgyWTVdz2wbcMY","5JgBMmtR86NctdYQAEYxEXsr7wEXEpbBLDtArDK7WHu8uQ69cdn"
308,"15GKjnPSCdZyMpFZMooS8yux7xvUa34oS2","5K8NCwghQorCPmQdY34VwmSgCpWFGQnb6jvtBAuPNtvgpY7P4PU"
309,"1786Gyj2DXV85akoqWRGrbTQo8NLiMqYoh","5KH3GL4Prym5Cj34mxPju7pzTSrG15QseYFa63cXgaASgaETCSu"
310,"17H2f8xxxNApQtwX44csNapyi8uYf5snJ9","5J3QehU7v4zTBH2j567jNaXkhktTewFx1EmH14TCNdP3RAnLFpL"
311,"15cb7FV8SAnPMWgA7kehHMufkkgV7GrKkW","5J662jcLJBhQx9H9HCsQ4n2N4tgVepT6ujfX5wNwoXfQ8HU5dQg"
312,"1N5jzqNSbjmQdiBZzjpoBu7DxvsbWUtZPb","5HzmHmMjoEobosJSQ1tEPqaiPv2qMUJGxLudmPuB27Y2YxMABto"
313,"15yQZ98dpZzRHjewtyMUFhFHUvGDMB1eCe","5HydSoT7dZceLCwQJt5aMptYHRKVGG16NSGLLhFSLZizomir2xW"
314,"1EKvDiWrQ5vo6YHRd3xQFC2fajBSEGjTST","5J3hsk8PCfXDeNiNJjgs17QKiFF5uGpwcrohG8QHciJFJZqUegy"
315,"1MoEL7jRk6zfcbUE2Kz4duZeUQj28yX3xA","5JjP2RYq7n4LKUUrhmpAiDNPMheub9zztgvzm2PDSdz9DhQHAAS"
316,"1AFBZBBhHzHRkMr95r2Rgy8KFamLQTDRHP","5K2PpPipAqEETyfBquzwwX4hxPhrWMVbArQFbggPrD8rjeA53bg"
317,"12qzs5LLLFa6twv96mkkbyySpoJ9e1y3k6","5Kk6cogkkjfcX8STAZKnLbCsZdzvitkNTiSn28dGJFHJa9XnMiV"
318,"1D1v8Wcp1oqXxJRevi8k3mgy2gq89nz7bc","5KJw9cAXGF1BXZiD6TCHg8zyug9c34m6q7SKPE3X5HPyW5VZdEa"
319,"1PsnwKkaVDN7wwh6suBXD6ewMWv8hZYUKt","5JcLpdApxuQ1CBEM7jnDfaRiPv88kpnsuVN9irTypWrmLNiCgwr"
320,"1KBbyVZMibd8kvcjKPybrV1Mrm5QVdZrHB","5KS7oNYUp7S9QHsVJJXWW2nHzpTLiorjcZfG52moksFfQeEtF62"
321,"16nhfcnkv9tCF6nZwnduRNuBQnBPwzQEv9","5K6bjNKBRjAeGqhZNCuJ37pigatNC3CLEw6hLEfAFQ2RSTnwBmD"
322,"1EtyZSvyPF3s6Gx6uRWzfLQrPGRmN1SNda","5Jd6nyEuCqyjeR8XJEUpiyjiwqwRSjCA7x1ZfcjpuG29TFt9rTJ"
323,"1JzN6id12m8eYrc9XbFxDNDE3WvcFw1qmY","5KdcJxz1BTUh5vVHQ8m7FfhXQe7RZ3abhHnaZZssWcfV3KTDqMb"
324,"1KQCBGHqyVm41o4TBMYVdVg4qNyFSJHVoU","5K9MtxDhA4JgHMnS9FjQu5gnBgDZDKXXMmSCgeT3o9pA1cz5DMz"
325,"1GT6cmnzu99QCTZsX9M8F3XXYPYSB9B3j","5Kci8TxdhLQCbEs6LCKY23AzURh92wFfu4Hc2VMwncSu9JhVWFL"
326,"1139eScDnwaWS4bbcLjzNSEZ5zdEBbycFZ","5JEKbmaVut6q2jwGuzNMCNQbNDjB7jS2zxvzMSY2iZex3prGFEx"
327,"16qCyiXeCAJKZEEEgVfPvAicLafwbAXfaH","5Jedvy7B3cQeq5riGNfaRiqm8t2uPHcB8u5EhjjAC4z9cCB29Kp"
328,"1EmFt9u166JWnQuDjmwKzKLYeyEv2FdhcC","5KL58vXnTAnPKwSV6qTg5xMSWHLw1oKER4zQewYoGFMDHU5yvb8"
329,"19rdDNYUTikEWDiJCCaEFGDmM45aYYSmfc","5J9NxQsVQSqEcqYfMLZfT4qDkQ54YySmDRtfrCVRghqA64D89MG"
330,"14hUJc9fr9ZUfeYKSaViSphH2KeaSyL9Qj","5KRsuULdkjRTteRe2KYM3oEXyKbPJGSw1V4eBfdtrpKtnxmxwMG"
331,"188QRozt5W9i2T7FUnFpq9LedjjfaWKnCE","5JKitcYd3C2Gj4tApyha9MbDmPhNAvRbqsPpKDuYapMW49NbAah"
332,"12ndW9aqHtZU8TnLRaE94YtpmxPi17JxRo","5KKwMTVU7GjAxjJvm2FjuXCvxEsknsXdbN4fn3BFwz9A3Z5775h"
333,"1AMsJi88xQbnSV1qhc76S7sSWZhaoNGUoG","5K4HRjQwLhvhG3WfFwCVatMbaptsJ46xCRgrdHCji1XFA51usVy"
334,"114DkGTMMCm51LxGVUCfksrgq7XT79W8xU","5Kao1BEM4cZiMZR59JnZ4Q8QBqakUcAYnpmdSTbWYXY3D7RFzF1"
335,"1HsDXyiK8wDTtAp94i4g7MpjmznnAV81LY","5JwvpDyFGR7VV63Z8NYr5Mfr67EDnpWVFvvvfC3pZScd6WsFNpX"
336,"1DnVvv6E3ZGtMyGNnspY97PaoKNpPrASoq","5KAbJEmSrg6fMStvm1uLQdwPNdPzXUHukgrGFrxJssWfwiK8vGh"
337,"12ZMhzMnXzNWQoJ9oy1pNhfgy6knpAbMsw","5KAvPnU2zyHZyGYwD18AbkkfAhVuo5fXyFdEAmU2J1kD4t8Bt1t"
338,"1LpF5qDWUknAjp6PJX9uE3DCsExyRzbdZx","5HqAoyD9bB71RRYYbWqjedMvgRTib6Sg8p2XRcmGPG9GszMYRyT"
339,"19dkohVEWZcMe3jknJSFsm45uGfjbHxSHt","5JNALQ7wwH6uKFus3apwAQjHPSdcrTaHRCDBbPXaid7GzCR9mfR"
340,"1CVchTGVvxMHxeNhrsVJreWQfsAwgGX4dr","5Js1T9qBNwuiLKa4k5caXTMXXQPNgYHRR8YfnfDM85Don2r2A3i"
341,"19RjTZ5cNy9QzPpD3ga5ADpCR38sTqnrTf","5KV5n8T4ZMU6kTt8rvZaJHnRtWzMQeyJRb3emcjn54cS1LSLb7f"
342,"1JzJrUfmTsprWsYh2ZvhcY46sg3nZhAXyY","5J6hs8cGyWDrW3XC8pvN6MdcYs9u1tmPbrv3Np3QUuzAnzq68H7"
343,"12VFU9EdietSBd8Aa9A7RsMMR7rKzmtSay","5K2LSr1Z68tWgKBUdE9CcTh4RzBj9sH7q5XsnrbKYqtce9tuZGJ"
344,"1JJrR9j21eg3fHR9VbGEYPCKibhkeAByw","5HvUGpzdHaokAHDMYaQBrKiq1QSf3ztKLu9pKQUciPWoRemAGuT"
345,"183Sp4LhNydnUdtK8Mf8Uh26x85quByM8R","5HsZoUt5eACsgwc2KMJ9VhK1meUEcUWhirYnV7muLspm5BcwiWD"
346,"1GAgNCEhJTdeMzcg5MGVhwEZdJqsrQCkda","5JaQ2iDKqtxbX9k9QdEPDUrVyqx54y3cbtYczUqQS82hpL47M4L"
347,"1KuQXRHuqSGeXfFpW15FKrBpd3rMLn1ga3","5KHq2PYjjHGjxncuuNZfZkUpJFwwVdjmFg1dT5b9gASRiseAEfs"
348,"1Jzx89CoYApSirzQvuqr7FGMQn5yePcst5","5JY695PMo44GGqMXihxvBiy9doLERJSKjPQksARgxYPxU1ryQwV"
349,"1BYnUEvf2NVJtp3NJAaqZ2a67vjh8rbBDL","5HyfQh21AyRuCfJE4GHkXF7yJ7ZcvotSJL5YhV6xbCCgEeGCLbr"
350,"18D9n4ajk17pQ7h3QAXgzWnxtRC8MyjzwP","5JyzQo1ijjn8fa1VxhCDx45REmeCa4td4zKYrHYc2eshWwG2PuP"
351,"1FZvD9cSkLcQAgJt1ZQ21X7s7NiCdX3pVc","5JAf4YpCWGwZLZZ8NzZbh8rmwE2x4Gam2CxQb8sNBV2eg9jY1Ee"
352,"1Br3zaDv8zHUyRBwTacFrcQZqqshSbqFGn","5Ja6TK9PuY4Xc7Y9zhNoT8bZf6HN7QVU9TJemAeaxxk9BwYCLDm"
353,"1BtxNZzMDd18HCdHQSnmFyj5fPGKSohiuk","5K8acgMz6TNPHEvnMCQgp5QE889TTQqy2UdL7ZNraByQYhtF4yR"
354,"1LVNrVdEmZy5GC8pcu56cDVmf3SLBngV74","5K68qx6wJPtvaepRtQSYerisRoi8BEgcg7dyaFgKeg73WfEQJue"
355,"1iTc65XoCjSbNksZKAYWCh1DnusWzj4zR","5KksdDL6nKdbDuT5rnYTfR9xHwk3Vrc47KL94EnWrUiBmhkK2XV"
356,"1LcbweFcjqBpGZs7pwL7VU8txaSyM29CCt","5JfrdTi6iEzfgXJwcEKj13Zag9NQja7YuvYASTBCPm2RFm1v5K6"
357,"1APbjeP2fLgoQFQg6Bb85REM3ubTyGzXea","5JaK1e7AvavndrZ5x9oPy8heAxeLNq7xuBgUA2joNivfQoRcFGG"
358,"1JwjTCngjiDcwS9HUTU4gmCYPi41QZquf6","5KTRifn3PBC4u1EmqJTV3d1ycEZ4tPbvwXwpTkvyim7Gc5KTb5a"
359,"1DeFehLjUsiRqcd6fmQo8ygro932suUdPh","5KcJB82nUEQpnUByLE8qCNz84BMubn8oghDMNoVoTKTFFpf9pAS"
360,"144wwBK3VGNDqVgTFrPSLzhnskEkQQJtQs","5K8pqCzwM8D4X9fBcN7NtzEAxumQ26MZfkFwF7GzT6sgPaMMjyy"
361,"1A5K7JcrDiTgjkoEz98dXHEB4yinC3gJcn","5Kj2GCNksLeoZyBvg9woPUcgHQ31NsoqdAAGEGftNpom6HV8vCd"
362,"1MToEChzU5iL6xkAiRuSopzrDVTdoMzBxy","5JmLU8XGNsK99RG6zDjuArju3o5DYrcnwJdbAf5gyPf8erQt79N"
363,"1PoAPC9vDmGbsSGBHFNeGfPR3a2teSP75G","5KXuPRu3jFpVa6avreTFmaLXSAjCngoPwEiPco4YGduEjc2h24t"
364,"16eCL6o5oSQKR5fvdcRTNMdyKRsGcDpgfq","5KAGxi9McMaTVpBprzQojNaYhQuhjiDuerAPmpBHLhwnmFPDdTL"
365,"16ZJ6zs1nDTAa2Kh7s4xCAV5Vq1yZtVABf","5JsiQvTRp2FuCT3iJkxppdp1Zv2Kx8wcTCgPgJjdBAyzWiUW2E1"
366,"16MDctwiVRjTpFkvCSCCgFTxdhUBZgQdX8","5KLsVGtSM9ByLj26gHz4FqcNWy7RuDjfV3efRveN9HcWQmNWRYF"
367,"1MePKV8pvZJVQ593Fg5VZoKtpR7rbbHsg4","5KFxKragk6YcYxdsqZkSyGMjzj7CqBprBAYVqDAxrMfxT8KT4xC"
368,"1KLfvrNh5YBLbAGPJpXD876yip4ghyq9PT","5JaNkwkz96CSdvGnwKEyWkusxBm76ug6BZREbDuqYhUjEF7u4m6"
369,"138oyHwkZxEXb9ZLJEU4jWmccZqhJrUGC3","5JN3AefnZuqPLTE4qXaj7qetiiAJ8FE3dF9SGiVG36KWFE9U2YC"
370,"1HAypmdozzohR4D95keRusb6yibb92n5Ri","5KazdmBEtoTdtFfdASpymEhXa9vyUVS2UEU1BVchm9TH1BcAVjY"
371,"1GdRyCCsL9K6Qqgwo4Vn1QsCL7mrb4NBLd","5HrsaBftmBuptX3iabzDnNEuDKjmenYdTNjfkiYrCQ6ztyh6e7R"
372,"1EaPoXkfA2pTz6ksbwDbckLiPLxrCsgyfY","5JtgepAKgurER9hUHx751rUrdVwd7aSCii9bn5vN19RVSeWmxaG"
373,"17QZSmyD1bmzrjJEB7pguy2kSub87ebsG6","5Kkfzoyc9F6ZXupyRU1epXrEncdHwhXL4ufWqCyuJfNXcFxeeLB"
374,"19Nbd9ZRbZ7y3j5BUdeR5tLqGk8ReYMcn2","5KPhnmXiBVuhQ6RUy7uzc3Gy8mxbtimRtoVuZgTFi5LpbTd9Czb"
375,"18AXb1YvN62CkwMTmbgWCmMrnNh5Jm3cr9","5Hve3YwUHhkGhWXstnYV8KyStjmSdMfSgeyKz1jMBS3V1bbqUFo"
376,"1MHobZDtPQs9JG4dpq1HMPhyVMKyxaMFn5","5JsnZGzWhhhJc9trvPbvieV9RsdohiRtTZBiUBkS3H8KcLF4dyE"
377,"1D9SnGax8a3vyTaJFLcmrA4fRTCFkcDaWf","5JkAJ46dtCiRjQmW4TMBEyHwHTjVEptfcmRHggnVKDpJocNESd7"
378,"19vxRPpJF6gnFMnBG8BaAMoW3RXHAjkfNh","5KFH12zpcekV4i3Mi7xcgkDvynZx9we3ZjMAxh6WqE7mzXaPC71"
379,"1NaeJmbMxcnoH3UczY6cmoBEGdPTdoRJpH","5JrLVnBwUHkmEiPhuCPozYWusnWJiBb1GBknfMxmeWusHDm3rLx"
380,"1Lmoh678Q2z8ChGWk3NCV9vWci1QnxvZuj","5KGmhSpaiKDHsNQogVZGAzWG6kzEzRdqEuM8X4c5Yv4AySVJpu9"
381,"19YsB9JK8U6u6mJpZ9N7AiCN9sSm177VXA","5J9qG1MM2homEaaT6WcAQzaToMsuqN2wdNqhzsVnAvTQhM5n9XH"
382,"1BCQxm88qZaveFKN3j7nqHuXNVuJuf3ros","5JPWTtisMScosRGTkEiGNnSqrhrU17UXot3piRMLaGrrtixPh5T"
383,"1DTZujiWKDiZd8yUornqgxUKT6yTdTsCbY","5JVE33oZDMWyza42qg1d1kGTpsZ7a2rCkmX9Bwun1v4KDyRb9QR"
384,"19zHf2Tu4qZspyPwQgMcavwdP3CqcjpR6U","5JAzpaQZPQAgKUomcQndrVEUrSeshfSp5Dci2c7QmzMUiFPTpJL"
385,"1Nz1VKScnVn2xwmvgri9zEJpdXZggd6FjQ","5Jk6pjtnSj9GWCXAJ8sVGgRaAq366rXxMjbr84KfDrReFeSfRhR"
386,"16RMgRCQMmFNGEc8V3PA6CWsnJjKPGhC7J","5K4XYGk9TkY9Yu5bT1DWiXa4VkbGEd4SUg8rL44xyAXdsyDZYyy"
387,"13hKtYmvXqyLvnZPahDN9hspG2Y1NfeLAQ","5Jtc4nsXuyVUxrfEzmtKavkPVYo9tsN1kkGX82HFwaCBp93LpyX"
388,"17DqAUXboiY1CBnhk1Z1C7U8nWb8BheyXL","5JrHL4yjPBK3gdwxBU7CUXwYbkoRF9UWS4cyaU2reSQssE9btG7"
389,"16RykZo5jPYynW3AdXmo9SVStSvAHKnweB","5JZSx6VHvbk7swbE1ckRos8W2bRq7GzgK71ktPPMDZmMFapJ4H9"
390,"1E53Fv7NmXhE6xJTMQT5F15Z6yeeZhMa33","5KWgKg7iYtzNBDAAupdvNWh3xVCCh1FJQPxnDqbaGiNKTBYAqPT"
391,"1GB494pcRRHoUo7JaMrFwEvqVeBy2hwHFv","5KVCybqEc8A318oP68urHoyMPux5tVrgzctE9ZMqdkYHzPMWht3"
392,"12eVsxpnYc9dMadPaphCyvkgBRYsf2WZQ5","5KA5qTeC5Y5PyLvfMTUzzBsfjEFCswfY6MPracpxPEfbdp2JGqt"
393,"15WpLbthonSk8ZAE3b8b1vTFy8qknmkVc1","5JVApmjicuTM63PkhEHSeJekhSQXfqmDJcztyrwbEu9VZpW6M9b"
394,"1AhbfwsD8LDMTn9T91R8V8pscgT81WUHuC","5KFTVJKbA9g2TWVYCd8VgpZLB2qRgx9twtRnjg4ckdC6gYervUu"
395,"1Hs9Uihdyn5wis8jUk2umk5iHWizu9KRM3","5Jz7kFiKZ8RHQErwfz9ooSQLwJEzhTPPDK9oD2gijMBGWZqhFyr"
396,"1CeELGQsVanGPgFLT79KRWVZfBDsdHbB1x","5Jw7px9ezHNaK4ECjefYwmXnFgPEc8QNiW52h643Wny82gkwPkd"
397,"1EUykakqou8pTkbYbpkyk8MiSf6oJ5Zh8n","5Kghmz9CqPy1WXQAtNkdfPyr2XYtezoeL4G4Nt5hAKuvjKZfXZV"
398,"1EnVrR3CZwfn8Hr92PCDVtsXpZ1A4zgdMy","5JTZHjT5LoEi9PKYAgbhukWngssPKxiVbxBdSMcCtGbM17g3EAP"
399,"1Fu7hZxNRsjw13reJ3qTu6edKY9UTEydQg","5JvVJN5dnSpotDcwv6J6XjdKLUf5to8AxyFYvzRz5ad9tCNappw"
400,"1NXpZcUgF4xFbsidL3YUZCEeqxAtysiUbr","5HzS894ZaiZLPD5NdeeWquSGqMrshodBryNDPu55ef4VxSFSBoM"
401,"12u6mPA264pcVo9rwzGAgHdWtzzJuuaanY","5K54LAmKhaZ9eAEA5pHMvp5jKh1QWjskF2dcmPUbb69VdNRQyKD"
402,"155Aybq1dkMo5M9ws95k1borfm1CvofYhd","5KhD48qQxpDTKQFiYiiTRNcP4NAbn3iJHKd8tPApYcWWz4zNarM"
403,"1JjnoHwqzyrAabMFjC8fSohEUiNtN25uMs","5KL2WFqMXoJuvviH3ETBLPEWc4ZhkHc7SirQFbanvdZYB3KnAWQ"
404,"1N5cyvRGYVVJdRkBudSkhunUGn8YFt7v2m","5KRQGDCKxtiT2tFbHqxDJqBSpyseFyR12hZZk3i8pRkAHBHLRG2"
405,"1Pu1Bc4JiDkFpw3PyfY9JqqeTW6zuMBRmY","5J1hC1FjWYV2MArVy2bYqYuCKAbxYDbWFZUpSw8QeuuyLuFnxoR"
406,"14gsbt6D3NQWWHBekMpBnqiTEUGxR5jhxQ","5KaSFrSAFtt1XDR4EZMoyWBHzPu2y8cXH5M2xUbfTABAHkaPK6t"
407,"1BV1rdHvgYKEt2PetDxKFzVWZ2ZFkajJWU","5JadtMWWQGa7o5FAP6uTp2A6R2dEeQGFmWKZQEURCgasNHHxQS8"
408,"19ieovqiDVC8yKMGdgjQtzBjDYMxWASVMs","5JQFH8v5QU7c5zZ5DEnErcSAqFKgoGyVWVMxTDBUeYc5i3VNfic"
409,"1DWgXtGQfLig3BNQqoKeWmbZND1B8ZAV5v","5J1JQEJyxsYf5dP3RFuhTqvNz4rqDL29xmyNEKgButcDW5e1Ud4"
410,"1B8UDEQ793XhufBZoLxihKEbDsXAZWYs2f","5HqREcN1LTycAbdnmbxhpYwWGKAU92yGF5zPahHRbY3riQisCba"
411,"133Y5HoU8xWsE7iFb2ymyA98bcFe6c3k93","5KHHryKYdt7v5Ku6xZ4HRhrPwMFYLN1NBnheu7eTBStzzAzGaLH"
412,"12xmeiefGP73HbXU1taYbLVmFRDWVNFGJm","5JXVMgRTaQNtJxAdiWeRChDNK7jmgcDTY9Tf9hKei2fs5MWe4C1"
413,"1NVpt3fgo3nr7msvAyzb9LcDxQv7vEsEEE","5J4y7Rc6MvUPz9rKBfFD3rrdBycZ1m8VkRBYZMZtz9g7RypFb6k"
414,"1FKzSYqBJ2vdZpRomAdQzoqjVm92XjDPWb","5HyQBrPRZJ47iqWcSLXYU7AmP54xqrfkFBzgDhq46Fa3eqSPZZu"
415,"193nj2KzWBVZi9QhBfLHEaGcH5oanWLCQi","5K5vdmgkRKhfeRYjJwi5u2fPbQ9QvUsc9j2vataoZpjXA1GhSpL"
416,"17m8jdQrvbtGKzytMR3NinxrPvuCriMswv","5JUkm2PwKqpx2jEoiw7etKnuc1M9ctXGPbRq9okDawcLswmcmRE"
417,"1J4q9zpe8aBeCgL2k2EQsczsiG6shJ2H7f","5JDMzot5w7iHwiMkjeYS8qRqSwbbSbRueKXwsENm5pTZKTex41w"
418,"198733XhCfqY1pdF5GTfTEvWZyTusRyG96","5JwRQf8RAdVLM5mf7K1TmxXPBJMeX4sdedq53Cd6UtpeaKnqEza"
419,"14yvsiept8zM6LwMbTdwZFYsX1jAo1R6yb","5JkWXujKr5yH4XwAS1dAFwyzo379xdzjr4SRDwcxkrkbDuhBp3i"
420,"1PtCTSMZqkPSqHKJDkTr3NyVLLCvXzLRL8","5J9R2S9NrRaHP7pt7Fm83ScEe6CDNat996bXTPGTbuMFZJM3ave"
421,"1HaiDX2vbi6hMi6fYnA3UD1mCmqUnPDbCC","5KMEbqdsjm2SMtDYviniEHovhratzc5Y5BF9saGoYxWY1EXgYyz"
422,"1MqDHLts6F3jpF2668nQD3DbHKxpo7Cz3U","5JxcuP87nXnmn9GTQkpbEyPamxSqNULeUruyYKQsu4c5Rkqdw3B"
423,"1K7MtfDQgcuzkbeiFRnxUujv8LXvepGdf4","5Jrj5wshAk2573N1oWdk9D2eCjfLrehKwAsMAbo2p7MY59MCRyC"
424,"18jK8nJVQ3Cxg2s4tacY7LJYv7bsNmnpU4","5JRr55AmDudqu2ttfC7e1KbTudZLxNWEpYCffrpm9M5kCpRJUNd"
425,"19GTgVQtJsZahSJJhTLjGGEHn7XwAWEJLU","5JFZTQzTE1QxqiJ5V5pQTFJ1Hc7uGXKhyfc9WkzUECgStjKMCtV"
426,"1BFE11Hkvi2rokEUuox9iB1HARoTMgkJRd","5KS4F8duRWAZEffhxB5cE1SEBY2iThhbz53wEVmzt4JhwPwhEB4"
427,"1Ne1sS3qZWaBHygtabp2RTBYFT3PZHVokS","5KfW9mCN18EyU9RVffmXryonmLy2h34giPsCoNonwuELzvZa84m"
428,"183Eqyv1g1FaBYRcV1N99W4KunF9Qszjks","5JSjSwF9fRN51K7DNADzrjzRkqQWhQHZmU1JLpCPhFhD2pAven5"
429,"15UGymCMefLiUZWnMhRxcLaqmkAriL8CQf","5K5otYiywK7qUP3Aj7jp8NJNzQLntuSHpS1ucgVjaM7r1Fc89Dx"
430,"1FG16opsRuqKSzHdRDwLjUm87BKGYxX8nd","5JbWH1caNe9mhJwmj8rXJjRXEh5GKgCd1xAKa3CBtc18erqS2Tf"
431,"1MpTJWCkcBrbTx1YY382R1QAwPyHr7ZbN3","5J1Ennd8vdpEuM4U9VzHbtJqoAGcwo3KLR9WRuH4jWzZXBrpMfM"
432,"1aU8T7wPsdriTo1UCoWLiP9Rd9cwvmoVA","5JCmvdeN1avwzXSDK6hjrTQ4mEnRSviBGiSZRhaNSzUgbZ86DZg"
433,"15JADBFeZAYgVqhEZAx4fvEjFxY7iT3zk1","5KCAMSA1f5EbxE15KgqPv28ZjDxx7mbkc54nRRS9pzmsXcursBF"
434,"1KGBmL1zyZm21AjPDf9Y919VivWrNnp4G3","5KJhryFZzALAYX6u5frxyHdaaDM7oYBAPjBbMsxeWAEUhN6rmrw"
435,"15Tbp21kUk11LTtN3fYzVM5MJZG7mAgCWQ","5JDm6HzT76QfJgPZKFwJGFXx5NDb2c2Bij9WaJ3xZ3uidqGaSJo"
436,"1CbVwS2Fa7dzkEXJnQybuDTYhbEppcff1z","5KjtoEqAba3NxqHFDQGbLT7bi4wX8RgDgPgtwDN3sNf3XCWDYuH"
437,"1AVAKH6kYRQ1YftLPoQnmAQuauXmUV6GC2","5JLZ5NMJ8aK9khs1EWBCrLfqPDVjsxALvKqoQq5ofgvRo7ZWKwC"
438,"1JSUgqz1sdzY7zcdb9WjkgK6dr1kTGTSRV","5KBMPDSF5ovMKWvcQgNs8BvHL5eCnVqsRhUHB8W9oK77sjyTmXH"
439,"1GA5Fz8EhGA4XcSRooiYs8fD9c3DqRSXkH","5KTsMPe2BA5mBpGPq5Qnihpb3mVinHdg2rfRmwkjGx6W6TLqvuS"
440,"1C7csU4soy7VC4vChTQhzqhu5QqFiyswDr","5KJqUHa7zuc6jMhacp8MqZZg9Te4ibW6khJD35UA9TfrTvpR9Gi"
441,"18zAWaLeYMDDDoxWpFCko2SXm66JBLxuwp","5JWVrScDqEhkwYWEwSxV4QVSexWMWKxyepQ57hiAPRYL6Mrg7vu"
442,"18EEBPSPJ1mW5iL51p9TBeQM6V6CmAncyA","5Hw8bdLgAGKnknvhxDdT5Sndn5xDMeeXxVxjFDWTAYZS5Wt9qqH"
443,"1BqpCaQdz5bQVRogQLoy2ZGnJY1C7umBcu","5JfhotDSY5CFZhmas5ttCJPVhUE5FXZSzbwam9UNPoWysyVHsSt"
444,"1G7ogNbTfLn4ks8CHSnW6VuQajWshjxPP5","5HuWuBgN731NL7pvxiqmUC1m5bKcD3BeJQAxsnfGLJRzuhPEr1i"
445,"19H7CEuoTtZdHZyBnnSEf5BjF9iCsK17uZ","5Hyeit2VcETntX8cLsAZ16RUp5guaaqZ5TpSygjeBmw9t5oG34f"
446,"1JqKQzLywRzD2rRnWky7mMTBG8WS1Y8C1d","5KRa8p3ctJZ4b41LE6W31kkLMoNwVnexNaHuDsh6GyFjv9ZoeAC"
447,"19D3bA1GMLHRtuKoZaEdT3bFzJuuRy6K5w","5Jgibq3DV65WKypNzyxR7UdMsXaX5kJZqTKcgQVtkeLhbUHZGAt"
448,"1Pn4KnidS6cUSdXLEWxc7Z5GrreEEgXhtD","5JiSgEJr7CjvYN1p44DPswuJbzu5kssPkGj77iAd9w9WpebEo4s"
449,"1MWgu374f3NkbZik6JjJ5EYGoo49Zi3DPt","5JGdQ338VRJobMTFfeoSwLMf6xAwiFKSj6VSK6SnQem7T4DDuL7"
450,"1Ea9fky7gUVcTGY5VnxGLg6DtFCgCFJ8wa","5JHD8eHdiU3oDBVyrL4ixPAnCkjYqSnFRXT8ZNnayu4nyWzSEWG"
451,"1A3Y73S1RGk4Qw3qwakDH6docgNgYrMC1g","5Jb99ous56GWTqAfxz6epzmLQUTyidCcsrAMhfS6y6Dqo6uVZ9Z"
452,"18UDqTzGRPhRZaHQ2NHULKKPzxW5FBqiMm","5JMXnupieVsfkSZZhsTqKNVXmXxUPPCYrrM4EbpfLY5ch4LvRu1"
453,"1A8BZ3hUMxTjbhsqfzkaScZg9mqh3H19t1","5JtEuahsSSx4uZVbSbNqi1SzovjghqxrjHZLdYXhWwsfNAXvsEa"
454,"14cWhjCqVvFtRgx64WZGrEEw3WbA9LdBup","5JAnEgUh1xFknPQ2yfxMk2ceQK5kWLdXXWLsVGUGTdDxTDsNFDi"
455,"1GARFU3VNRRcA6UKqkKsNZWrRKkbZvGmxc","5Jihp1357tHnncfdhnGXW5by9rXrqtwfmU67FdFrCpKLBWmH6Up"
456,"1PFYGeBtEtGjG1KSjUrVRsrx62pDQYj8Ec","5KYW1qkcsmKRwehcuMzTWESx2hSqo5A3MDkoYKTHzYMyk9tzPEi"
457,"1M6XrWuuXyaXwYg2uypdN51CgL3Wat6eN","5Hrrj5zxuMRpmbTHC5Mh5dc7XTjMsNY25zGtao7x2S7VC2bTa7F"
458,"1JbB6GGmkutiQSrGbVoY6Hb3tTycBJuAAp","5KAZbgzvzyf22ds7af2tbkUtU3oEVDNE7AehR8Y5YFXNwrEvUEY"
459,"1MpFrUMbS9MH7RVr9yMAzDEVttm283uCiQ","5J1urFiKEFNCshh5nBWbiaLzPK2bJLnjighEzKoNoBXV27XoaCw"
460,"18PXPx9AQnZsxuXwCZgUHTxmfsGhMCpJd1","5HpQRwNdXoheDn85sTWpXfX4wADh5gozygropWpQZtKgRquotMC"
461,"1NpqNL5Lt5FwaH5n4tBgRtvActAnAECV3Q","5K38sKMXUHqzW4uXBtsPubwkP9mWjz4XTMGpEswqQe7jGebdwcG"
462,"19q7U8ukUpXypc6wJtiH5G1xKwXkNkooG3","5JGMoqwzQ5brqhCD6MYcdRJCPFDaxEpVnrARKBYe1tTSxoGRUKn"
463,"1Hu4r5u27bzbYN5Lp2TMZuqewLa2v1E3oY","5KMj1WnsfDe7SZqosBtsBEWzxWxhe5VcoDsUHH7tsxABCkRBt78"
464,"1GiEiU8J9sYRuJfqDEZyJBSVeQRNiNJ7Ax","5JprmAGLzvSQTHEiM76wbjn8iQnUHhGz7XkfYiNYfkxYee3UESp"
465,"1CFnTG9am6PBp7GarCCvNe8Adp3nM6a4fX","5JzFvH2q6M6n9CPicqyPtRyPh5gbuUvMwBcywXq4vQyeZTexxsx"
466,"1Evmzjx7vgnyuvKtRSfPhAkuhbgfP3MjG4","5JHeXWnLFTGVHv1iCXoyRKPTmVFDcnQa54Lq1BPD1bt9k51Bzx3"
467,"1FcKN4uYYxRTfnYRJ3BdXRd7pW3EonLkZq","5HsDUmoKYa8nLSyFQQDbEtQ5fS24ZziDXuL2gPi9dP2xhfjNg3b"
468,"1CEyoPYTBYTKjF9fLhGewXJJXcQt6uwxRA","5KLk1NMxjGsJDnN1y2SqcB2agfheUzdaJ2kU6w4MbVw5YNFXqjo"
469,"1HzdTztECmtS4hGscBfLacNgKPpRhBKhn5","5JtDByAih317mMTLa1NEs7gMNU9rRbMhqnFE6bGYKAVyZCZ3Tow"
470,"17aiqEvxhYWetigqtMwjnXatfa5Wk1gXVB","5JtYsk8ShsAcN1Kbnw2U9YCTFVvSuhCuniKAtzHfYEgNHGS9Ae5"
471,"1JDAzqBeCPYowcmiH9iUh6pBLBTATkyQAq","5KLeq8BTeSVnnmUJTs1CXUifbTQ4jg85rwzA9PY5DzqyDwBgfRU"
472,"1Dnrb3S1vJiqAmYozKaKEziXHnkXwdbRPj","5HzQEYW2qeeGEbty2A6TugxxBUcT3wDwrxTmoLvTSrLngE1AsXj"
473,"151PQuu8aPzjpikbgXCo1kazoovp1auQX6","5JEEtoJnFmFsxLXso1Jo69CmmNQLZKa8pDTbUPjgvDsDCEwk4T4"
474,"1HQryJ6fWgjzDTppdR5yBeUYcTSVyJv1Vc","5J2aCtxPLeQDdoR9hWTm9mBrB6go6XimEFVAb5jCwNkbeHB5eVa"
475,"1KU3orbbz6xd4vQPRPoAvKGzuaYTPbGmWP","5JWhYjSQqCjrmPcdToCoSszxKuZjP24zv2j8dUwD76CjvtAy9U3"
476,"19mZmViVUrr1cpBzroebPPJxpphMMnkL1Z","5KNifpNMEGnRMn2hHj6drrPcQzxkv8kcA2iVKsPxP7pABGuiYcK"
477,"1Kp3GKiLyGdiSSnZYPNJoHyBX6ryDkAEyD","5K1x9AohaibJKuK2Kg6FH2f2VdygqXoHRjmAAyXWKYto6Vx4E4j"
478,"186PWhQ7fTGPHWnCRnByKTD6JevPrJ5arR","5JMa1h7tyLUWVDR8JAcbvqFpyq7PW7qJL4NrHtWisPyoX9prkN8"
479,"1LxZH2Jdt1YRFSyLyrZPX134bYU2yn9tQK","5JCnTAbVEoacaSunPxoE1YLjNrsy5C8Y4iDqFK2k7KMYDwMjwpq"
480,"1AXS7jYww4ni7KyDh2439ymmHHHxW5vmF6","5JJoTTxW1VH1mrQahfNCYBv8TSCW8P9EcUezUeyxqM4634UbveZ"
481,"1LSHUi6qd7RJSPBdiEVYc8c1cPDTAwZuiQ","5HxxRmDgcntK4RpyE6TY4c7AKtKNG2ERH1tzvyF7Y1kRCfxeXo7"
482,"1DMmmizdQ7K1Z6HhDz2cRTAqje7PcbKj8D","5JbDuenxUEz3v8AfXybjg58woGF4qfyyQ6pC7xpX9aD9t5soEiB"
483,"12fUWaJvEjsYMfAG8VmiNwBzUGEbrQ6zYy","5JTZHyEB6EggghycNeZ2kVEqC3f2NvTacYJ7DCbLVDEYSMqfZJ6"
484,"17U2wXGQg8iWJkvi6TjxFLiSpSuTiHGvXn","5KjgDYaK1z3HseRbf8vS9yKT7Jewt34Yj27HENcXjpdVwo33iDH"
485,"1MBmKe1fQEtzn3sTFvMZQJ1ywiYBV4eabB","5Jnh5szGfU8orLuJcrwZBQWYyuS42v4bj4MYdVgm84L4o1hA1d8"
486,"1EVb1b4f6oC3PrwaeKwTBeKixZPD6XsJvR","5JHR7Hnk9QrK8MzZvTiUwz35a48ZkMBbpBMigViuBh3v1Vixrji"
487,"1CHtXRR4y3r8DpeGbKJj3xxuLZAuGWbRSM","5KR5dWZSTSM2YojKpzXK2aF9xwhaMBSmPFnJzFrrLfuFhTRnLYN"
488,"16WiEmN3JqFqqdZx5Q1cXZYritp81QMzGT","5KLdx8DKvKWa1nb9R43SqXNvzpT8LEZug7wP9o9xVj1q4tpNeoQ"
489,"132tBdCfWLc8UG7GEW4JBcZKu2w7VjRuEu","5K13ukvujri2QLGRexJjfxhwzZHxxtTfrPX7Jup4SqBYjhKdFyY"
490,"1KdBAp9nNcYowMSeD24edRksbJzaLjJVdh","5JexUu2qEcp88u6uyooYTvCqcYQbQoosycq4LjJBHS7KYNjeFZ9"
491,"1AroVQeMrGC8sUtDKiX7oUDhue1vmr1E4C","5JUqPwor5WoFDuJ5WbDku8z9RmdfBYNNcbfUBaedyDZg6jtkJ2u"
492,"1535UiGDp41F85qcs68BYAaGLVCqLpbuD2","5Hz4eYHLb6GYVEcVUiVi2RQaDtjqDsahBgo7TkLg9TEsRrrrrAy"
493,"17NAhzCkr7avmbSYheUAVZf6sGqLnNHdLT","5JXucBtJyhXTHTvVU9jh66yi7WCTa4uSpxqwH7EHVtD4WACpZBs"
494,"18MwobepPeZySXzhAvPPDEgbBZRCDn9veW","5KTbY78U5bxFLigZ2j2R7ZFePXAA1Gv3v8XJYH4rZPayVYETj7a"
495,"1KQtazfg7EV1VEnvxtS6AZuagcsa7FjSUD","5Ki3TXgfHGuUfcwtzfK6jhuF4sjkVmD33vUwzZBDZxpe6ZkLtvD"
496,"1DRFEamde18a1qRYncQ5a38UJEdQgGqR9d","5KGj2f1yCZB1hhgdhDRmZJLJz2oPdA3rLjtSDiwpbRsf9e4GsyK"
497,"1Jx1YUNe2Gc5HkfnDFwYtg2HqSwfns5BWF","5J61eo1zoTkQiFPEijAc56p1Z6SFhLQPSji1fWPK3p1uDUSUBd1"
498,"15ay1JyqEiLG1N1qEvw3Vpqh9B2r3SSriK","5HyrSzeaYsTKxm3gy5mR1Df2JXLeULDpH26D4YBnKYjTKz6CQg6"
499,"1dFYfW8P4uXkz3jGeLXhupeCVn8jy5mz3","5J6qGZCuCV6txb25NN86eeUvykQmgCWhk1DDDHtcgDzCuScvWNr"
500,"1N8HFzmNmX3pyXopxnaAhrUa8CA3uWn1TT","5JMqfXeSrAeATMs11FEUYCjZW7eToc9EKNK8LS2Yf3Hio81KTkM"
501,"1Bfug2vJD2DDM87YrV5EzCbDbT8V2GbcPE","5JYQymsQwuKEaaS633Btfj9eLP33BnYum7rcaeTC1SHXSNaF4Bo"
502,"1QANkF3SUQbpXFCVBPYCHe9zyGLBQomYn4","5K49mRtJbHzYYr3ARwEU6ZKfaZF6NH4TUxEYKFSSe8Fe83dca3r"
503,"1CjP7Dvi5YDonZeLbcMbaRrHk2BniQG2U1","5JwGw3oAU114vKrvnJCZn6wr7tay4M8qk5dPrrZA68WBzSD2eCP"
504,"1GLdCSomL7rj5UaYisvwVgkRAdYRuGjvBX","5JVU8QBCwDquTabXv6QeC7PMA87sK8JAU7VsQVWemipf4dEBfyW"
505,"1PtuWjMu4sBjzPJdaAgw4u52uhrXzoJmVc","5Keju7M3vWp1TY4ogZHPGCMrq1MECLeutjjG8JeeScZZRUkSWCS"
506,"1LeRu827ik7gigzLM8tmEEAwuSvcCFScwn","5KDQNpwuyTBHS8W1byKoqP5TvV4Q7rHyUG18j6X5M58pJbWjBMS"
507,"16nFdGE348iMknGjxqeknoFc9fHg2EwpfC","5JwnRcnAVjLCZyWUHZWfnFDaPH1nCREeQW9PoQbYWxfoQnyoBq8"
508,"1PQ2STxQ9qvKFyMbkKq14425Ckw7CXsRcc","5KJg4X276nGFTPReu9ciodrV14TQKGVTjtha5gQXZPcLqwjJpbE"
509,"1Mq6D7XHhHA3DkwHniDC1K5CDQqyZPRP49","5KJXLa7yPRmtzqVjg1hBh7KPYXvSv7udXRcR9uXs1yrz78oQJ33"
510,"1PFKiSPEzCERqGifvoB3bdHzrWfefeGoxz","5JRpXjRUq5Cv6CAZ13WHiH1PUoth9XjJgXUGEoDaHApXGPtEoK5"
511,"15xM7weY6fDEUTpY9vYutmFVQHJr68ibFV","5KJyFMqjGSmajvbQc6Fa83SMD2NTmMcHXWSDZasGJuMLGfDsr3x"
512,"1PnMb8GZLBb6Kg5ctpv3vo4EW9Mvf8aV6E","5J2yoNc747ZssxzwGmxaLCoVJEQjb6Em5JxcwozhydR3WHQMLw5"
513,"18K6XgY2gVmf21DUzVDvBUP3jNRWi2HuFd","5JETQGnx1v5gHWcyJMdRy769i3DuxaChaAPeYMKAtctyM9VE9d3"
514,"1FgbLS2dti8KhPc7qkX1QkpX5jVBGrHdYZ","5KTphfRrr1uaM1AtwsxVNn5zWfTKg2iybfhamgegeo8aDP7ngwN"
515,"1ESxFgpxosEyostBCbqRiui66o1mY6x8YA","5KM9zGt5NAqos4FwCnBNd5YpQWfx1USbxmqvbBEDN8MYkuj38Ei"
516,"162HoYaVQ8aYMsqc4Pm4YzduYP6skR3Rkv","5J1LAtg6KCcyZFKx3qYsfjxGKTfNCurEo15DAomLbQJyajes5xL"
517,"1AgZBvZpNjYJi4MiHdxAXFrPS8zmH1SQ6r","5K4dTigatDCDb3HjAhYEokfiaHjMWPJoAU7FN2gTXu5evgPxHW8"
518,"17eK67wmZPz4TzA1oCc8ejxCbTSpFDJPf6","5JNaVH5msWEZ6x7PaxU8ndHoNwt2kFMZKGRWSEkTxdxaaikcYUz"
519,"19ueLeQwuBKk3H5rB9JEQrjq4fHTiyeyNY","5HuA6CUWpVUXfwQSBkvphiwi3xtg4EXmV4RKGvhPnPxRfGeqJeA"
520,"1EjsUuUQtcEe1cEAxLVhseMTMD7eUdWSdP","5J9FP5bFVRUduQgwZ8E6dJXDERfdKWmhaEV5YpUZ6Y7MB19Ratr"
521,"1WJg6Qjp7rfaxwf19aZ6wT2JozVHu5ciR","5Hu8Dr6iUmpWFtA4EUoxAsGDvuZHNFrmyzB4TCJJxDewty3smLr"
522,"1YjF2xNqUJfxY926XF8VuBpy8fmyWYHC5","5JLeakGxkj3QZjbh1WsNuMeuUwjiF8ECnkCw7aoPuSaRBpvNknj"
523,"1JAp14y25ys7CPsQPM8wW7dctPtFKmUJhX","5JdrZJacrytqkA3ShnDDjUkQxQ3E75TFLSTfLPqD1ydNQC1VX3M"
524,"1DLKoYGJvgX5m7v8RtsupnJuier2F3ka31","5JieimsBXNuxpnfezSC28VNKNPMkfCr874ed4JRCbHcPsVtMXAM"
525,"1FXNrzyCmUzZ2FUXHr4VbwKpdEejmEENYB","5JK23ahmJy2zTdPbSyWYpFS6Mu4NRiZTFw7Kg2H7a3t6DJzpsua"
526,"1GkHdxn5kxPeWCXQuKtXfTUSJbSL99PA8S","5HwWrE7S9A7QVjmyY9ZCfSsLHVcJsDTjVukvofE11eE6K3S1gzt"
527,"1CZ27SXGZBgHLbCwZcGzEtPW7UwcoWdKyN","5JZ6S55q13EzjP7U3qr8bDV8oszL4cvqBxjiTc6zsE2aJDNdB1Y"
528,"1Nm4AWjYerwc8Jgo5yF4mNp4WubsCiaXpY","5KMjaQbtgAY4kVmVonHCuJF2LcBsV8vYY8VnpwwFUFutmq1hx3B"
529,"15dCakQioc3UeMBZgp7bQhDnC9Jxd9pkPJ","5JbEgB4ZhkRdPzZDQifbzRnVTPJuA8BqXKVdJ6NeEHmVbE7keBk"
530,"13dStYprCdQS3rTWgUTLuW9BcMtPU3i4W4","5JSqgMMekzJq4yVaRPedTXf4JdytV91MDP2RWyDM6RnL8RMwkR2"
531,"1QAHEDepnpV3E8gs5UfLaVr1UmqQeLnYbX","5JKQ7TKYjeY3BKPTntu4UQadLTX32aatKpH2ikWEtuNHbdG6z8R"
532,"1Mt8T7y78DyYi55WPvMqkFgBxjPV9nPrSE","5KEM2FLXq3jEYcqwMKSmp4o4uV4W3WCZdbZpyC9peAGGBHbRLNT"
533,"185J2MhKRhojuzEZzkWB2NnMpFWbrwZXgT","5Jb759Cy28yGtWQ1YbJPKncTUScsdu2ZJUZinWY6BxxGt9bpSm6"
534,"1NXBizfZ7wHE7mhpknVnuSWrKHnKmLk3Pp","5JMnA197Efg4pwHJTpVwLw3hB9BJiZm5g2sD3gSUdiUmHFijRGs"
535,"1CuT5Gmm5j6t18BY1LVMpz33unkxQtUTQt","5J7Z9ye4FPAVhrDxnriGQYbtDrf7iZ55chY7HdfdcjaEeUAsA7w"
536,"1E9PkRotBQxizXR2GS4XQyGvKrEHHqPVm2","5J8F4EwKVptXSF5czirTz9isJa76HXUNU7rnoMtS3YJ373LaAP6"
537,"1WDUzwKB5SwBfhnY9b7miU5euhQQKwKEJ","5K2gqhK7En1P2SZ7RE4y1NTr2T4thFkCoT9HevnEp9baifFBDdx"
538,"14YoYx5ANsy77CEUMw4Zfuc4KYbvLXu8bW","5HvtBWD9feAP63BSQcRiPLNCjuJbS1iMfqgbeKQro1DqnQ8L6Bm"
539,"1FvU9UXpeYRCNPj4xdc6zGUQiBUZNyCPLE","5K6NTYE5KYcgz59GHFWreysZCQBf8vP5xGaMsvfxyv2xmyEVU3m"
540,"1L6vwWPWcLirAGFAQieWnXWetCpWFZjNCV","5HvQrqDJCgtzXQ7HTk1VbMwuuGaDfwakES244CSQevYdenTqM7D"
541,"1HjmdC3YQ3q8uo8um7d5kpnJzJ9CSy9ndi","5K9kef79gi7bh6FqbemjWoLDohVMgLSyRFdQJCu2KQoWEgVoiN8"
542,"12PcCGSULx1N55Q5fMZKgWma2vcHazhCpm","5JYuSFwVPDKREnuXGbuTX2gLVJQdaiGSqDpApciPvrbkCcUV4U7"
543,"1DgCKktLKwTjLnXBSSYJK14eJVpKq7Ugvo","5Jn2c52CDYUwQRdgyQMaUNaadYy6qcVC15sJGcMW4mWodfsziyy"
544,"1B2N4z6VHtEMnt6KcwrpjSkaXxuV8WGTeK","5JvvsPUwUy6RSbNbqvAqzcttRiCHSE45CzY3oKtyjwZQwV91uUf"
545,"16ZCkEzg6NAkEpBofQ3CvnY6K3bgncjZ3f","5J8ULaXBzBGatpgKFYX5qSYguwjvXHPC1PXqwXWEvNcAnp7Mbjw"
546,"1PHtvVPqRgRtyoeZD1NSZnw56veiUaa34p","5KHh79gx6HFunS22VNpvWv3YhykwVst5XmSBZtSe414rwkXMpRM"
547,"1G28eRok9q8L3Fjiw6qyiZ3BN7j2xrc8Ee","5J3897C8agRyfF2mLMu34FvkogiYWfZ177jV4k4ngiW5CUGnMLQ"
548,"12iwcd9foL5k3HdAkY3jYQRqDHVSWJPSrK","5KHFcpUdq996V9pZMM4dpAWWVc3VTse5CGFmBTxwm56BJGgiMww"
549,"13PMYbanfYvRmqLewzJHUK77a8gDn68UaM","5KQ7ngaPoTiAz6PX1qc2oUzF5S53RjvT6MPas9XuM8ZEGH3mj7r"
550,"1KVxMpxxshaUb8RmcyLZ5GfUYFq3UCcx3b","5JrNDmU7NzHpHna81P6sketkzFK6AUNZXGLQHDtpmDnSyu13uWv"
551,"1HWLBFgxww9B6W6jtKJC1VyURaAYtNrHoW","5JxtJuAAByvPaBj7iJfY9AbQt62SHiioCDaa5c2Xgr42tnZjq4M"
552,"1Hev5fjN2rkV9fwLeJVQ1P63pEmpVraAwh","5JNEGqNahHctrTa7qmpgC62dnNKqeoFeogTRSocJrgAnqE5yujs"
553,"1JCUZYogQzAdsDhZoyVj83AH877zsSpjwy","5K68cNMxFLDAkGhtLByhYTEeaVXU8fBVQDz8VkmJRnFHhCSFu4z"
554,"16iz37Gx5opHAWhKb7qYMGbn9QDyugAYLC","5KUeRcxZjBKnS8YwvmhQvcPTkg8k9A4KUGBwnupeFjk521HTLUQ"
555,"1BzrBBVkNy1GoNG4TimX9At5j2f2snGnLK","5KgC1UVmNwvKYEk3jav41QqbP22SCdhmHmuZ3QynbSmAQArJdwE"
556,"1K7XbKPDvPru8wpM62AkMWaUD5x13p9kFZ","5KZ6fQvp6P86Qvvj2eYwe6qcg9CbRC4R9ZNSLzror9wY3tjfjAb"
557,"1A74SQvY5DUjmeFX4rshoUdW76UXksvYPd","5JNXid15XGQmUkiLBNb8WApS5g63Szw3sofRoBwhaa7Jhsm6ixZ"
558,"1NdbAt8bikr33v7GhN7rPiHjXu3ZZasAhr","5JbxVfKesAJ5NEu9CgxxhGNmNgnPLjPEgeF7YZGfpADVm6L6Sc7"
559,"1GE9izq2zvYs27keNiNGyEu3wjHF1pSUtS","5KYvrxHpZk6ALEsQsBTQMy7gU84LB1JY2UDsyk4GeexzBL5EyR8"
560,"1UrUtCdLzFkFaXEPe9AFztHuWF7dCQzMD","5K81CMhrUr4VRAE2BZd19GuSwJ9h4sxqCHawh5415RkRrgJmr4d"
561,"17Ma7nNyBHiXhKAVWhfc3YDK7PhGhw9KjW","5JPbk4FBw5Q7KjrrQESkZA7rEqZxRFRdEFv9w7AA4C1u2Mxs5YR"
562,"1PJKL6sHaxVhozdYaahgr36cg3TkPwPand","5Jv5tXYtms8zBGYgVjDTf25ZPZHcaqip3UUkgahZAwSXACpX5tQ"
563,"15ub2Yv5bAJtaaNjJ85W45GASJijzSWxEN","5JwLvohSZAZGvGgG64JZRHBmtrdyQWmTX3iiBPw2ZiVbmWppUJ4"
564,"1JFABJAK5bgdhKr7c7zcEbrxByTtz2Gi5X","5HxXUX45VNY3r8oDRBbRdvmH6U8NSsfJA3tEk7YfYxshmmxZHpf"
565,"173ssThG2333vRP2W8tK9JCAJqXzZLyqNn","5J6f5erbZaBn8fgJFeCWJG936RSoZcD6FZeeYLNZkhD2DK78MLB"
566,"13kd8BcCkU31DuDVbFG9tDXXzKEgzVghPN","5JqmKCFUbzungdptZiETPfa1tmxg8s18QyVCXEAm6NN7XdV3aXV"
567,"1QLMS6SCnBGr2CUJRHwwQB88ENY4hWV5r9","5KYyHrcZqToLiRKmMb1N9xcdKcha7mkf7rZ7gDFywuA9WesfYNX"
568,"1DAQKBDL7zADrKAUzAJeSGMWQMgESgFqJK","5JUTsJbLgU5N6jHy2DamuFSipW5PtoM9iZ4DrSVKjEpi9eiL5c8"
569,"1FjhbXn3kFy5ofEqFWYmsVxQc7F6zuy6B5","5HsVa5EaQ7aF81u9zFoBLKcKNdmDTFuGNJGHorQDaQqXMmMmy4u"
570,"1JZW5mCU9JPPUrwAjVEnrVhwJuYGbyCRAh","5JRTFsJys5yQBQXXJpDJAcSaMEV7nH84myGnzUbsKaGC3JadSvW"
571,"1GjmvN9ShQMACf4wTXnie7jUgQu1VfXYez","5J92QB99Y91kv5Jbi8mK2kfYR1Wr6Mr4K635eXrgtqTiz82CEyF"
572,"1NxXB1fWJsRtbAJxnLtLUarzDmAb1WEpXn","5JsEbShK554BJPu4WPisZSdB21DHqsUcaqoPCt1aNaTitNFe2RX"
573,"1H8GrJMW6b9RYtYF6enJYshV2WbM3YUHke","5JRMfb1ypzia3iFd338fU8NRikEs8Z6uVtPv4dhfpMVUeYgZD81"
574,"16CSeWpJQWc2hWHmvRUXfmvVSi8BVD2ZqQ","5J4oKQ1Do9jwEdsQs4gTku4QrHDZx8RbFKiAe7aJ2VwgKzrbRdv"
575,"12gtVu11RoGhqnaEVVungMKSJDEaCXVaoR","5J5gLKAviymYLx7D4c2mQwhAf14Bsap8TJ2tDnaBWWYTfchFnfL"
576,"12jTybNSL5NquC4N5TBXhyxHy454QidEu3","5HtpxtFsQMDLnjiMVechKs3jVunTtS3DFwK1jXFcNm7jArr8Gne"
577,"17H1Q4vzqBms4R8p57ipaA9cYj52VjoLUW","5K5wTaHyrqdY2aA1PmtSCZ2shzG4PfB8MtaTv3AbeXFFpyEWGrP"
578,"16DJdhL81p5yNRxk9gyYZ3gLZJK2McMTnn","5JPFrp87ps5t1zVMa8opiabDKkxq73mwZBbi4rEan7fxLWhVGWe"
579,"1Ey6AqUGQdzuaub21Xsyu99RXZmj3Mere4","5JeZdKLuRjP8k9b2XxVQyMWRywtqk2nSPZ71KPr71vAYMYN4MGE"
580,"1AcWULL624owbsNoPvr5nqqVRm4AX716QD","5JZuq94s8reywaRBeB21ygf84g3LixEsQVTicQ9rDURYSnBCagN"
581,"1GQ6EQuuGZ7UeMTSj4UxWGMfZDNVV1xuQA","5HrKfRtBCVVFk352HJH48yzu24EbdZfkA53dnWjSfrQF5gthWrN"
582,"15KSEFfTGL7NFAgoPJvReCqyV6Y8m8Vv7f","5Kaye63SfMbbap7fZB9qaNQhyHsDdQ6PQiiqnB5V2SiPSuNssqY"
583,"1CwSz11ztXQGu2kiDqZ5g8hs98yS5szMc7","5KNtkiBRi4YuC8RVtuh8oWgAah45YdTsPKn3HdSeGxDuChNZVdv"
584,"1bKVyzgSM5LrMEixBKVeobiWVVk5CMCVX","5J2QiwrYEfQV53aLLV8JrRk9c7yAx6ymx4jzyVsdfdcmybUBSEu"
585,"15CdkkvrDjN52WYLRSQhUi4BZeg288GGV1","5JwoTdungZ1ar45tKQgF8TuMTESb4jM5FMjR1eGxmAxtob5MV9H"
586,"19wHGHESFBFUcsSApCBfChZ52DfpdKxdUe","5J85jLGvoZuDuiiWCW2evdnLsobJd6bVQQDZ6QcS8YZL91ZxjMm"
587,"1GM9vj8M8MsHbryGAbqY16Ugu9WPqXJeVZ","5KReWQqUuHG4o7hXhv8vzWUXnUbrGSkRAC4jsVdUTB7ULKueCo9"
588,"1NSay2yZMDcfEcRqVrYMFUcN8DCmVy8Ap5","5Jko3SkbaAaFDPvM9uLZ3kTn8u9muS7S2w9PkGVD5TJ6vA7PhWx"
589,"1E4WoLVuHBzTQ6Ao4npZYzJSgLkFPVkJmr","5KNHoHwMkknMSfTHD6PhC1Y8HteWMSXbscvhotps34iCGgDwAuk"
590,"1CALu8mDFghy9EoW8EJqnybcvgsUoBBXEp","5JxP4TnwzRGTyLpFRGuDw6BBdLUYgTLCofVmR3BvEEfF32iJeFG"
591,"1L1Suryz1YE7S22q3dmXVEDMBJjdjLGg5j","5JhuQbbAqUnUwd4MHYjRaSrUFJTovn9Edq9o85nGFxguXwJQEVX"
592,"1BCDPVHHtjmnYgTvQtABeP5nMmwe3utqDZ","5KZQCQ8qL4cumD67R5kP3RdQffCzACnD47grsv5Fas3doYmHKCF"
593,"15yN3Cb92nnkKxUuCuEmvxYBpAWYbd5o5u","5KKdKJpc8pBWAHFw5MadEtoJVVhqkp9iKsNTYuJTpJcZZ4BR2RF"
594,"1NonBWqnaEjpkT8PUBLHghK9wbWPieSVdk","5KXjhWQt6QqQVzmv5ARpPuwfFARpvTpMd576P4spdamF25Bz67U"
595,"1324sk6D6rwVvKEMb2JCEePa8L2S83RG33","5JxgsEB8jgsqVkUvZJfaRGtz76P8EFDML9VLFA9U8Bs3p7z1Hj6"
596,"1MX2Nkkz4u1zyHrAqXY77c6N4covvZTLzo","5KDBArdkvqHJUGLrbEpaEGsYRQH3wDgWwgC9yggAggoF1ecXBRA"
597,"15gqznEQ7yMmZNsMzch1Nsi7XV41c6umDr","5J1zzkx2U87v7k6JFoaso5meSwk6NQY6buYX4roA9uWWuLfjAE9"
598,"1MwGuhbstUQRD9mdoYxkg6nBVTDc95svoA","5JAPG2hSZ997jwKC7Jg8axH85MMcJTxz9HAJZspjWP3aHQskd5v"
599,"1CqYMD22B1rKpaBwurqSxic2oFTxGHaqik","5JNQG43r7n66ZF6WTNW3MTNoavwwA2Vrmb8KUHxitSrWY23UgGV"
600,"1JbM7exjvthxnqjowRE3HwwyiARuBd2M9Q","5Jryq5SdGVmMSdEAqnoLNqtJ1NnSjruT5Q8t147bgaKfUdt35Hj"
601,"14EYritAEJm4PuJZWrgVo19W8qF3i9BJeg","5JJbFW2XQuvgcNs2gBbGY1xdKEQGbnHcFcR1m3QaoVo55esMEMj"
602,"161kWAat8icH3AMeqp8gwXkBQgqr26HUQ8","5KBDv5B1gsQPabPBjigYFFMkcBRyPrF7pXKe1E81cL7mC2xZ4sW"
603,"15kw68RZMNWrGQ4AKiiqBhrSPeba51gWRe","5JcdkJTf6p8E7m7wHeRNjYFW9DYwczBJjeWRLuesfKRiBKRyAsA"
604,"13Z7kGhNk3VrtRkAqTDjbBVT58D4kxVwjJ","5JjrGaRW6xs3AL4QTjG9FNz4i45zm1vDLXV7uVZTg7jwXNCzFME"
605,"1GBRMJ751gynF4gV2J8fSnv981ounQGRwe","5KdUSGyxqr6Mtqyumu4vXKAjyMhVMiENsw7swtWu4h7CGPb9nJD"
606,"1JHQQpJPV151JPNUTMQv6YTbCnJeVrVHy9","5HzTovymukNXqgyhcsKjV1ujR2tdXmy5KQ6ceHvP4RSAXSdRU81"
607,"1CTS4GSRbZiBcXzWvULWFrzwn5ixfxkNGC","5JrFVTqUANuyoxg2bujQBkjmj5EpfPgbu1zQs6VRAcuahs5wrFP"
608,"197PVBbG5B6PDvjiB7HCWBLPc8WpEBvUjX","5Hvbb9eGgCyYknp4Mb2aHzSy6hPNRG2FbQ2nkHXSSeRuz7jmzD2"
609,"1HNq4BK9shF3W7tqLdFvGQY7aL9ZTMhwJv","5JuadHLUfvndhZqWNcdR1PGoZcFu1bvSABEcU7VksmSiRCE4Kcc"
610,"1CkCvN26EMVb7VsX7jMg8ndxgiM1z13Gy9","5JahKF7SXM2LhE3bSK7Sa8H8m4db66rPuZL4DtpJQ2aJ8YkG6oZ"
611,"1Ka5MYiGXpvQ26jFccfnryYynSmL6yDHYb","5KbvULXZVtVhVgr3NJ4xjTqWYa2HCFZiVcZrXRUeMVN9FHtZDmW"
612,"1XfoVfy8yTLpTSKtTWK5xJ5qGsMKTCP1B","5JuP2UZHtQcAcyCGxS3ooRNfNupWJPcKt2ytzRJCNMJVxQNcvZZ"
613,"1LuorwYw6HfpkNkvuZTh6uXV9GhYthcTtt","5KiujCh2LCUXoVV3ZqYoGo8opnJpcVsthFPJ4wduiw1H9yt2KsH"
614,"1ArtoKwKoxKHQeJVbHi9u2r8qpQ82JhB7G","5JcLUXnQavEKJHz3ygXMYCEaF1mt8YecepfkWGrv3j1XMMTww77"
615,"1JZsGjFrPFYnWJBWkaEGc63WWHBZ6LN8YC","5JhmBSMXDYjrooQWEFC37q22v4zj51Gw4ReCoJLriUZpzVRRzKZ"
616,"1NrZxwJ7SkHz1Ab5Zfi1X7wA7d15pytZrV","5JNVokQhS638EayNvEc2dMqK6gq2hgBwZpNyQy99RBrERNEoHxz"
617,"1K6D4dr7ddW4m1QcWFQtmYVeuE7S4M8UNj","5KavgpBVHGyMBzsEBs2kFkrktYPKz9MRx6vwJCF9h4eKrSKKba2"
618,"18ZxM1XxWAtuqinXoxBSrLFzbmvT4HJqtM","5Jbw9swpimPMcxWJzvHjM21EfiagaZBFdPPau6LsDWPUuHHjxfk"
619,"161sqS35PDazNRNNmCqVpV2cQt8Dy3TaFM","5HtJvA7F6m9zx3So3DKZTRWYErWayj71RZ3NeVNFMCfKTozmxXJ"
620,"19h2EWdS1pm8if84apWsGZoAF6ZmZ7RRRn","5JSju5WFZmMZmXHFrhpVdiAnJPGwaHBHQSBbbqhZCDrUbmGH6px"
621,"162pmG3Xs7fWs6HZQDhtoV22tMiQED2YAk","5KNmd41Vampn11jYEFs4VC44ZB7Bnhm5jsHoDTF3jb5oq4b8mF8"
622,"1A8wyHkUCZFW8DR7DZEenBFsTLH2zXP1SU","5Hvp6mQ87ndmzTXTP75szRYYeFFvGJm7CpDJTHeqeKUZeDeerJ4"
623,"1NCkvZ1XqeWufYmqEBB8jjYppgoxr3aWCY","5Hw7JaMfxwhYv1TYr3eEpVfvrstqAi3so7tsqeKxS7FD2rfumN4"
624,"16tsmU9m9WVjdtU74hm6ybXJ38GAfyKwqg","5KK9bDWGQyPrLqLbdNZm6oMP63QUCkzDKMDrkJ7jFrEqPNhrEjg"
625,"1ErwkxF9BVDej772BvJAkvhEAiverwJFmb","5K3oMPp1218CqHnpD1jXhAEyxuyKDFMjRMChjM7AadVobWr7hyV"
626,"1N1DBCZoEKwmtXEMVJGbte5FJRey19G3Zh","5HvC4epC9VPuSxT4K8kfRUXQz4wkfwQaWHP6b1pepca7iLiSs24"
627,"1GhP9h1Z55LtH9XD3BLSmA6Ju5UvXWJvhg","5HszDjnoyP7hyVxCScyAW3Jvt41yGU7J2moBdettjroWEXQc6Qy"
628,"14e1s62r787Ntbh21rFuLsk62PZWyUKZ8f","5KjrbQFSJuUmwF14JRtkvzh4WsegNHVjCfK9LzZ8JqnUsK6Adhz"
629,"1EpFXu8EFsDm5iz1qKwRs4ne7QcKm64UbF","5JJ7amGBfaWRCSmfERV7qYMTyNdHXCa2navQQHBdDvEP3XDN27b"
630,"13apqbFccWVcRNdqLWvNW6DJLp5xQiQdzD","5JB8te3qffQoCmgEVPytz5d32tLhor61s2mAfHuksC2G4PeWf31"
631,"1Fvx5NA48fFVyQ721AkFqjgAiejcHamXy9","5JfgYUZXvs6S6eiV2JxunL8hfWxrUkf8rcyErVwRx8zNLRo9Kyd"
632,"1LxA7unmns9xdDKFoNEqNkjJYj6qfYbmwL","5JfbDAkSQTq8fHfjKjsj73eR4bco4LpktJS7JLSMtUBDNsimvtq"
633,"14UJkqZzrDU2MawqKHD49WH9JSSyi7eXbt","5JbdqbUsrfADeH7G6YGggjfaTAqkGz7oamf2teWZbafrTA8gEcV"
634,"18UonMuGyoa2JfJewJq3iWbD6YousiTQgH","5KaqQ3sBT2edm3FvQbUvxu3u7VfyunCKh6Jno3k1KLUfZS1NTPU"
635,"1MEMR6tS4cMNJLPxtFzssgGhdGwGs6rnBR","5KZnYC2p2ER3rFUZaqVuYJ3wJmPnoD5nGVwq8EUe7LR8VX3s3Qy"
636,"18k9TenjXaL6Gc8BWoZCXm6PdYYoAJscwp","5JX436Jvr6SAx36n9oxrXvBpY6Hsxha8o3dFUT3Bs3SRbm269XM"
637,"16o4KNNiKV6UjFh1RSNDMeAfj63tk6bK1z","5KLTqE9iqPa28SoR4Qhonkxn3o9ED262jwidmMpppTYGG3DJMdT"
638,"1Gw7NSuu3VdtME3uw9XZXR9JVZD9CVUG24","5JpoGkGLqRC3N6j1JHnmtnevwefckzCTPaLmNLvKmKjNpikFN9b"
639,"1E15vZPmzosomZqaNhVwDKCpwFMqbvD5Xv","5JjWcRYFzrK5UwqKPQL9cakce9QsDHRhiZWPqGdvLH5jyJi6i5c"
640,"19fNVQsaf1eKfPTZhExjRfUNNQ2UZx37XQ","5KDV2uE5rwDKetDRLGfQwRqk3Ze8xDNhoudtv1zF7dv3CHtmVVj"
641,"15uxeaHgDCjn1ayM9z5H93dWQAK5p9apLG","5JBwXooNiv7xRTwntWimXXkDfNqWcSDSwxXwZ1ySyxJB3Ugmheh"
642,"1Bv9kcGgQDFtWgF5xzXoJ3v3M8RtZeBVVj","5HuD9XHBjPDXc7ETXcfSHMWh4JEPTErjFbzkmJC2zsvNmF2z9RX"
643,"1L5ZyzdSyC7zefjetwZKbYaXRETc56iwK8","5JTYC6zmvuM8iVnGXERFAYoHTPpcHT7RMH94aFQzKzP5KvCm6uA"
644,"1rXdRRzkpfppFcG7fa1ZQV65RC4FaoVaE","5KKJHLrFhyt6MTXoAjiYcDkfhPw1tpaBFZ9NG6xoWrN7gZfB1gx"
645,"1FctTch1ypgqQG5xdX4Kbmz9N8wJCwKaCQ","5HzJhnt8FKZG7wtYFQsCkpnnoBMJ35GUN4JmimbQbKqnmmej425"
646,"1AhKVQ5niGXcRwiervPqSgGPmn9CPSbD1q","5JWMnMfQyRBVC3RfckFiEVnaQ1Pua4Wbs2zq53eSB7wkXmEqzV6"
647,"1PFJqZ7TqFqjMe1ns8zVQree2zSwreur7y","5J2DUZjL53kDNuw7fzZKMUD1bfxd5CJbGuuBziiDA7kvVxS8XW9"
648,"13hFGBuPBCy1KaLEWBz61gUz6Hw6BfEoZF","5Jvj8BVLhg11RuYFwUYmnWXyannS4oSwDSgQ9vVU9RK7VC5grSj"
649,"1L28rkVekX1bgsQ5QCWEaaAZ8rwTzLCMgv","5KjipkCnsy7AjBD3Wg8bwFsNZc9aZHEBWBc5Fqe1PdmVYR5MWqr"
650,"1AfGvyALt4vj3Gp2XyU5vo7brFx3u2fY73","5KiTKRrUBoieJ5bzDUEU8pG9wEqDCpviGX24UPExcU9uWQJW9PJ"
651,"1Btvr2GGPCVEwivCtTENJ3a91iXDjbvY8D","5J9Q2ouAhwpojT3bfWpndNDtynfkadveUbKgnxqrJ7Hk2r4eMV6"
652,"1Fr5YTTEPJwrxVSkuzmRV8ZM9KuawqXH93","5HwTGnCSSV8HeDDs1tmFEBMLf3NpuPGZKBwjehfn6fkrPGBRtnn"
653,"1GxNvDdh36zEiRF3z7wgQvQXxgkDhVUEME","5Hwx6mEEPnLRp4DNo6fk6f4VxbxWNRRDy4auosDZCVpUrCac5vF"
654,"1Ei5Fa66E3jaqsKsYskWAwRw3HC4PqnMBP","5JaF4rkyDgmSPM646kyEC9qiWD7ZFu8cHM6CQJ497j9ZDon1mbL"
655,"1JyzVyBzRTFJz5c2eDEyRV3fCxFSp1Fv17","5Jf4XKKLFhz3xUyzqLFXX9Pm8ViW5QaarEHsJ6WrK2ytSCS1yZK"
656,"1F6CiPsUdrjUhtn927K65XKVmHde5krddj","5JHpXk7NTBqV1SKojnGGsPmgy5rBSuHm5Qr4vec1iNqne5aCWN3"
657,"19eRdBeffSMeFXBefCY1ubBwriXdU4XG9u","5KAX5z6PTdgZsxsQiGS4zTTnwu6oCeL5q9zEsZ5TSYRYqyTWEKj"
658,"1Av9KbAuRbUKMLoqn5jVpX4gg5BczZ6721","5KV52AY3v5BAbD1peDmkD6sXgfrV278BAqTu6NFW5nufxAB1oqc"
659,"18WWVbHrdDpQzHEWmYBDRhYc61TtvW4rsj","5JHiteD6ZoN7Msb6LGDxRXwfJzJRrZ5HT5ECcuJGXj466BCcgS4"
660,"13zbiwbFBMrfSvucANDhYPVeo21Dux7kwi","5JnKwgXmQUaYVt6Jdn2Ldzm1iUYTPDXiCMrCvGznhgoaTjzihKk"
661,"17gpKe39f9gCBd9U931Vbm3M36DVJpiGAS","5KDg7SygbffTJ1NUMKmKQg9ECn221GH1QAcwc9rS65e41MtHaGk"
662,"1FYy5HXZTekj86GBUcxUh9of9gGZDcLwGa","5JVppx3fUmC21ncRjiAcwDmfxXEPkFmJY1NARiLojAT7XWgoNKT"
663,"14UXRatxewqqnfDGeZ345p1ntXEYJgxzs4","5JPcMmwgZk3izAj8Jh5WqmVPU65wK3o1mgKBuZCVQ9KLXBKf8Ji"
664,"1GgNxD1QdAZ5ecnvvYiYZvxVhysTm3Q3au","5JcdZexf7KkS3Kt8o6VKLk9LA6pMa7iE7EbVKuY5naQrCe3HwWM"
665,"1JyhBuJX6S8Nf1R3ctBeu3RJiPtJx7FWSj","5JvVFAXKcwGUhSHdc1K8qTZA6TauZuivdXTBXf2rHEaNhPcb9KB"
666,"1AyT4zHHEKnBi9Q8ZaN973ujk6MYX1N8Qn","5JqThvM1mk8CFFr1ZUZePY2q6pEh4yx85cHhxvJRqK16h8FhDf7"
667,"1KRXk89JCAKvJeN7YLFhRaLsEMttCP7wjv","5K9bkCTRNU9RRRZRtmr2HFSNZmu6yNAeFpLjSKCD7ckGDeyAUCx"
668,"1HGFqLPzrcigTcXZ9ere7CDoTrr4hgQoZT","5K2jfwtYtevFEw8TsYcCH7mV6Vq5yaAQQEyK3EmDPjZze6fUrru"
669,"1KMQ68MHb89YyAtUn15CGv5yXzR2ZDveVB","5JdvDxDBPLiVUZgbvHpxTr3SQj9AvrDEt2f32mZSTvDMkW9DzG3"
670,"1CWLeT3hjkuQu5MrZPrG8oiLposNjN2m6","5JMoEoLZ5YShxdFwRPWunbG1n5Q6ZR415Mb4ndegynErHfTBeTC"
671,"1AKo287UGqBgf2c4ko4KY15WHJ9BJGZbRj","5K24eWV9FGeQ8sgHzP8oFshZ8xtyjRck3DnoqisXjXoTteMLtyH"
672,"142hqh7iDY1XGAjsa2LhdCnA9QPNJL3XVU","5KT9WJ67WxFgM56JScchnktnsDG78AVHriaXkVaehpg3nXVHP1z"
673,"1CiSWFnG8dnx53FkP8cp1dQq7jCWqMdvv4","5JMCEiPAY5JuamiWx1U2Zj9XQkFcjta8ykN9w9R3PivXCcfkSPv"
674,"1CZtfdzfb9BQXjpRfWpbMcFQypeumbuJeu","5Jq64Tt1or8foBAZsCcF8ZYxK8q5141K9xZixveBcB1sA8TNyZs"
675,"1FnkYKKRj4NxDRtTSBc9uy5P44y423huir","5HqjJGNdpSFfRmmyGRTjdmasCH65ihqAawy1mZc7C9FrcX3CQMv"
676,"1G3m9s9H4Apmcxqyq5y13wE9HHB4j1YZJB","5KVQbgBzX64Y8w7dFovs7fmtWqH922ENFiJnuUo2Ki2cFPLvAjF"
677,"1BEgnVzLCCREvghfy1D8SKN1hJtYjBqSjB","5Jh4SpzbE6djh8RhPr4fkNp613StNkDszb9xqnNsdUZp1oPGC8E"
678,"1M1QmLcTK8FjXduze5FHASux2kicAZkThm","5J8F3CzrTt382mxi4MHcpzNPXeT8Ctj56bd11br96zcyxwosQsj"
679,"1GrrPsp12tvNuBucxniT8dXVz4XsMwuJHz","5KMKzKEGtxVwfRoHspZYeiz5cTaAUDxizcveBQH4QU4QwhcjRw6"
680,"18WBKExpQrgdaWeCVzXC7aruet394HZggx","5JjXbpUiUhnae498cKJa9D7vgiESW1BsuAGwvPZwwNhC1jFg6uT"
681,"1FwHw3rijHuoLVTMRigN3uT1K7yoA7mFtk","5JGKzghrifQ8S6sEJxieG4t8YJPCYuwRASiYL2dahWqNKUAkCbu"
682,"1KeCrgcAzUbbWAHwyikrBFZc2Et5NVuBQ4","5JEcF1HWqVh2ZXvfNzvAAWvYZF95jC43gTiiKyh7iZgpiEzujQK"
683,"18CG99QCVwbg2L5yzLXL8tqM6DEstCKEQu","5KY2RLSAZdjPrJrLFj9iYVadZzZY3miw9wDrgQPbWtCVbj4hzge"
684,"1BUmntU69NLGCR4NHm3Pz4WXZKypk9PCCz","5JvnsEWhoV9De8ixGXBHfAnbsj2TyXHSSvDiYDn8j7LDxWFmPzF"
685,"18KqBysB4hUjLRKvs8RgyRteT8MBZmWsnB","5KaDmvX8YuGJykJKMVLoVAavAJaMm7X1XC4LPBrRFYK7qFx183R"
686,"1EcD5qCUJSJRwuKZGXtUbSpWeSkvCA2Eqv","5Hpxm26NbzgqKJ14xtaXGWnbhZ4k9qhBbVaQJNQqFfJibDC4Qkp"
687,"1KD5gUh8Mm4utuCV4i9yFmMMjhH6aaynNx","5KLcTec61PwUGo4NEs37RVmJJwyBANpm4MaxKoKCYhs17CqQBnM"
688,"19oFJzSASjGFCYtZj1Nync7JFQVywVsyXd","5KFTaaGqP8jMzaWpoUaDxMvmTGbrAfPBR3wCRgct7SBNJbFjERC"
689,"1FXxgQbidtRqqy98fHHVPCsPXEPgR9hyB7","5J4RAHDiiZFn3V9Vx6UN8iJ64ynQ2j91CLBYTp8pR6ckNWt4i8R"
690,"1DZfbA7csVAHtgFZHCUesuoEbC6VwgRgMQ","5J32wnhY8Whpkfc4QNEjNtD3PRf8M4wpr8nRCXznofxSBg76LPd"
691,"1BnmrJdQdbRqPXD9fpyywCvcSgGUJHLTuV","5KgLAP4SkKmmkpnKXeGKBbzAHvJfftUin4CNTrwjYsJa8sS1fDw"
692,"1ANjiHmmhKrS1zD5eWps2f3xFYCuwsjFyh","5KG6hDTUvCoFXR6jg2w6q3zacod27uitAMSyvisNGRszXtUexgz"
693,"1JpwZe9pzsVJAZQzvQKYMwYpBofxEwh87B","5JyhK7gpA1Nsa9mpMRXimmbjKfyzk9vqvRbs3wUNDH2tc5khken"
694,"1PqMqmEV919MmArn1qHQbtMFBrfuTs5ioS","5HpHxNWLfiPK9q4SzZo5Yy9hB69uB3HWfMXRv8JFoMrT4BM94Zr"
695,"1ArDT3LK4THHZxqvDkFP2drksbE2ub1TXH","5J4oQ68qLdgSgkadwLthtQgCRuPjHfU5wYWt4K2Wyu24h24Km9V"
696,"1KhY2Z9SYUwC3sfgJ6pqeNTB9kabtNa85q","5HtACN5YQq2b7H6Qd5ef4yV7ePr568q8xGaihV6mTSor19jeyhk"
697,"1NSknpyVSv7D64wQZLLyXUPX8QSo2agNUq","5KWyzBVc5JBXxqSWsYqrPpQ7mx1wXEXEm7R9oDkt3qgxBzRZ6He"
698,"1B3rWWc41djh3PBZGFr4sXuUqmC3oCS9xy","5JBnN7FxpRdE53Jmj87BJJMwU6oxu2Ttykr2uQrmXtFLWizaU2v"
699,"1JNHRkFFqcmUbBzZZhfMeDy6TbFRrMJVLt","5J16JwpiNCSZnBdbnr7KJAuZEyVB2Ams8ogeWdM83LXX4G2mHrY"
700,"1MtiheqQeHqwmkCDynNRJNC7zM12o1fJy7","5JG48kSH6RuNFShRQd9AheKQ6PPCpCDiJLJ2oWQRdEqDo9NLXvu"
701,"15xdgZdk2Z6Lp8BBk3nyxaVJPuw2YJc25n","5K5jXcXaZWfW8rAX8P4T5R8qvTgAXFnETeBwY6WhgbunTTGMy6i"
702,"12Ld2AZmTLvdsk8rnhrab27b6BsMUgR64k","5KeXxXw1ozaJnM7YwxPnXrmuL5A5fLzij7pHWABo7SgWXpavPLU"
703,"1KcKjzeRXQ3fYGibsnnuXMk67eHMsw9qGi","5K4ryCdRBcgBmEdLq7k8wu9UJ4kxqNBEwwd8Qb3MCLQYVuE3CwM"
704,"1gi7maTpks93vURFb4gfPmmNMgWbPzXni","5JP3t7oXAepGmN2DeAZ46nV8zZ2bFTAuHpjjUUf8XXRZv25a6es"
705,"1MuYFKhzWAUCaHfTiTvit2tUGVmNQqzSAd","5JMcsnxzAVNsFdF8m6e4aDbktTxoj2ANhkTeG9UUnGpp3xgHDDL"
706,"1EdCob5byjXb5v8FLotBDahSGPgm6YYmfm","5JbXkJD1CTn6abc59EGje3gVaNEcXeJdXTEv27dKpCSAM3nwDde"
707,"14ohhrHANQmDi2Ut3HrgrgW3JPfcoWm7a5","5Jw1Nkw2Y9Y6jZh3GmsTbHqhvEvz2oFmsRopVT5dE96pYMSuDpD"
708,"1vvgdRDJ1RaGfCorqvnhfsEyAjk9T1g9W","5Kaa5F5D3Gnwja76jMV2bPJNyBG4CsL3AXNwwNEDS1rYR8KcHru"
709,"1BbBibjxaW2AiWcKuesSDurEJuJoVwp8zP","5HvkiRXKqidjGs5tFwmjJ2fQhVLBiKEt5T1BAYH3qbc7pH3EJk7"
710,"17K88ZeWHoyy1HRCj1QRSHeUiUdsemwkWd","5KDAMgtbFHm5azvYZQPW8BZQziZSXCWYqCTUHRGyMcvgtyz3rkR"
711,"1LWUhWhhVipYqvLnbA72m1FcyFbvyF7Ea9","5HxtCswiqCCWLsUGUahfStcDY62RhmeoN7rzxJ2EcSQfr3GsHh2"
712,"1K1Y9ts7sbzRHoHg3Lie4R4SNcR9SHyNjd","5KLbzS4QV4A1iQL7K3XUjMZeuREzaugyvhnTqaPjvvjLEjtmkff"
713,"17sUVx8kgTKumZJq2yqaQ1fa5j2kGBrzfH","5JxeyXfiv1iKLBaqBtoBDtHuB38wCgi1MfcSBJqQd7drNjLPBM4"
714,"1GKAcqcunz46QRiTKka94h71fYokogdLrP","5KXnQiQL6LZHid6hA5KToeMcGTrX1x6kre8CA5hksBdRpLJ17UN"
715,"1FwUJuo3ooALobC4B6ZEK19pSSyjHKMWeC","5HvNBckWoRcurumWCDYeQpHbLmMyjDKqGkC9dJVnG4zJez7aX9N"
716,"1LJLpCAXUT1Z2Tz54UjqDz67mDFP7NJz7v","5Jcry6zMwveN2jxBANGZ6BTRWxwxJeFgCacSM3UNC4B4Duh7GqG"
717,"1B3wYPp3CGn2WDY5nGsomwqFSfZegJXUUe","5Ji4tnjKbazrroMMMUy4Zv1FJe7gkPsVgBCyavrtjcDEYwuQ2cK"
718,"1DkFJQNsJsqMNA84k9dvFVDGfRGrZ9gRRt","5J2UC6brUnm2GTdZW4KsWMLV974dt7yEqfjnszCcyND3m8oKrKR"
719,"12d7aKGYQ5NTxotgqKpG4ToSiLji2Tq6gg","5KJkhmL3VAh2vWb6UyM2FS5EZ5M9CkL2dyK2R5J17gnmnsjcoS6"
720,"1F1GybbG6sNTz9KxEFZz6qcPScGgh2NYz4","5HwjFVnbZTy1q4k9Dsw7qar6ETu6HV6gWq2cf5jt5FGd4X49xJr"
721,"1PSvDoDUBZk5wbwu6cxMNh6soFUYBppgqH","5KfEqHLMtWKAfBKYqVc98a5B2VMVhSwUBQpVfoA9e6FJ2rLaAjV"
722,"1QDSaT47Wd2Yxt1k7ga9ATGaVudrS4yJiJ","5JtTqTQKK9uqYhSQL59HAPAxyu8me6mmch57N7TWewWA65WUUKR"
723,"1D5LYxVDAbpuU87EEj591bR6vf52EiWbyv","5K3EAeDNuWGym2GYgJ5cSWddkLowfQWes2fmJVTFPRNJG6TeMyi"
724,"1EhcHDfwJXV82kdibtzb3jjqsmg86gqFY3","5JrTi5uGRgHFMNHmmFe6RHL99vAwaf3igYM6AD9MDLEkiZWf4HQ"
725,"1Fb8eQ77mDne1pdhaMQTNe4ccr3ziJySd9","5K25zGmEvU9p1ME2FUaiCDMPU3RwZDjze8MusmdebTgmLJYZMNF"
726,"1Mef2jY6RfZq1AvRe7MhW5gDxLpKeGpCmr","5Kfo4Qks2jdEVREgx3vHh8qks1w3C1ecQTQqoeqb4cy9RUrtS8X"
727,"1NkLPwvDftwY3EaubA3snNCvRcxPpXxJdL","5Jihkhxod1zp9hzzqeT5GBFRo9u7DEJenAobs6D5EJBQfL9qs5t"
728,"15mu7Nm8HvPLivGyvWUs6Yc7SDcsrr5otd","5JxLNbun7rQk5UoJyX9rcvtUP9VXrNJ5SdweLPzQMmas4wcafun"
729,"1AMG44HsURNo1KN885GW9axpVeSPjmVxDt","5KJk8rcFVYUhPAMkjj54oWdTFLNxpBThtLxm3Xq1Z9k4Lm72oQK"
730,"14KJqXY92smgfKn27vbtFXnukT1Bgrj23B","5HpzWSMve9TY82k4aXBzrvthyw5kn44wDWYwLBD2xxY8BzsGJLj"
731,"18KMrUVQZAaeD9NRiHHf7kgkXJcEuHJUSp","5KcsU7dWeVm7yJxSVtrNtFWG4NdeRj2pgMGNhE1MiM6wYJZcb4a"
732,"155WGywgTNDhCYKovRomtNtBAyxSceXdQ5","5JkSvth4Nj7CuZfo3gndnh8bvkNjfCVF7g8fTfwgLhm8cSSBTe8"
733,"17mGzpsmCQBqNfgjCxK5Tak2ry9ry8ihYg","5JdL4fkTzPQVkwbHUFnUGKsa1pbcKCertGhpr3kcHWrksQw3sdy"
734,"12yu9369bu3SjWb3H7ur6stM5UitLKhoFu","5HuNPxL8UgbhWKAGoRAtwgGAUJ4gR4zfYTeXg8ech5u4RCLDzH1"
735,"17pyczdFSoCarK7zTRNixNt4neywEeMDdQ","5JxCMWnvftPFbWaU5aNkFYBsUR55VajBPCcNnUKQVTPo2uJHSxm"
736,"1PcVejnjYXbPB7Qxqetju9EMkPyFRKJBde","5Je4zGyeEoFkxfbLdmrNDXMVuRLiTeiz93Vy13PMoCUJ8i8GQ23"
737,"16PXWAAFbjHyDNyj6ocUib8ZKP3AdNcTSD","5J7mBLVbguCnRkCARB7MGnEE7zQ1n5n2YA81ycPnco2gtup2rxJ"
738,"1K1b5HGsMouTgr1G9B7BsxRYYQc46EYrXL","5HzrTw7Nk56mRyBZzy3Lz4z2Ghve3dBVbW52Hf6JkKy8Lv7gagZ"
739,"1E67HTfGS8uKMuzhdznLLS5Ru5vzz7fPUk","5K7Fs2LHxHVJRwGD72axLEk1odFnjqaieoohiHHFneEsDvxa4km"
740,"184qsQ6R9y2B42W5umVfM6upATeMEMjigT","5KKka6yykhsXN6hYRseNeUGQwVnYPk8WzbyW9PXwhL2JQDb2kHo"
741,"1QG9eYS8PqCDiEvLe5HTxTRJmwAUTtyGft","5JJvDWD2sx1rLz83gYyydQSy5csXnNKQFeBNEc26DJQLLuKn5So"
742,"1xqjuL2BDL3qWS2aq3k3gtGKwRzp4mPSM","5JmRr45UmbqTewSPVGmfNNJzh8NYZLEk7JFt8DhTs4z75xjwtZo"
743,"1KAhgikybgJZ9ok3V4X6BW37oRvbZqB1TW","5K2amyJxda7W7bBbkkhY5hVj3E6HLBGZ5xehpNHU7RdLrVv7Dfz"
744,"1NPNo4sptikfhtdcYoGpdA5dvvJAeB4NqU","5K8NkmruM2vJGvWC8tTFdYV4o2ycUVSuXYVMWcBb2zY8fgMSf8R"
745,"1Geg5rZPqTqaWdR1mS4C7avEvJW75LRFWh","5JoWuMfeUSvqQZnCG68XQxWUCcZusuygPBDUpJYpeVXT5Nos7d6"
746,"1CDHqeaZKXrVETmL1Kun6BrN55vpjeW1nE","5KKgg9vYr3TXVxC6Nr3wfdZiqSw1nzEU6dYhTdKGDxZoHZfVcnZ"
747,"1DyhebAJTNPinbDqRfJNhbRjA8EmiUW4nZ","5JCL1gL4x3As5cSDz9fh4oauN54r5xLoSRSqKLFuodv2mmDPLpu"
748,"17D2bvdcMw1irznCQkweYchzsu2CBGyFj9","5KgtvZDCpwY7YmMnTPQ4HwFYJBNdmzW4PxTTLSw1DxXd8mwiKhF"
749,"1EFvSKsVeGkk2bCDaea7vHbkQoYWGvDqLr","5KdWfqF9qHZkrs29fnZdoLHTqF3KNPuACo1f2ubMryT1MS6jQHs"
750,"1Ej84dyuC4TstNZtSEmqKobZqvZvVbjsDR","5KBFAr7zcSEf6hwNBpn9fAj3sJVRNknkv1JCUV3yBi1NZszhjKS"
751,"15V1TFEBvFBvwK2pajqfR4jw2MhP8MGtTe","5J6yWhNP9U6xiwAyRorRX1gdecB2EhbzzuXNASYNjLXFoazFHPG"
752,"1FqAXk9BrNPWLtaUzD3h22j1T94KZkL3ka","5J2oKLct2SdZHzbk31rChGHZaW1EKaHbVkdmH2Kb2vb4TcMFzr8"
753,"1LbASRUMVFPB59CxhQnMHXh3WyefYEw95s","5JSnKTGnVebJckr3EG4QmPxdJE7WgfDxhE6kV4LXXeQ44heERZz"
754,"1muZM2FWuDiTXv8c4Qhh9NUbwSXP7UzKV","5JwrTjJatHwZbTx9xh54phtKSyLQ5BLG8Tb68Tbq1TeNJgb1ape"
755,"1AhtndTjiLt4MpGJpZH7qaU9NTt3biri8U","5JcNY7zjFcCxGG6bZTR8kKtSyqG9dTmC7xGEqmzPEADrAjwTAYd"
756,"1HPZxR228dzWWNbEkkeRcXKntKe7TJLHqL","5HyrcoHxPj4pZduUXNR3Fxmj33scotvadQJPDMPCnEbvQfKfTA2"
757,"1HDS1jn1HM1jEi5qhRcpaRd6HtTQbqQDqz","5JnCRmgouuWTCfgW4pvqsVpsMB5B4UPJuqXgbdBp2njA6rbq873"
758,"1DgVxwt2EqzSUXQ9BGt7bFuoArytBU2zfS","5Jq6kZarWoRqV9jUaUjz4Ap7TFbrxysR5mAA5x1ZEBchgMzRNN7"
759,"12AiAsFDtivSWHMLZW9DvLekCcJki3VBoj","5KMKjK5U8yFVqzTVstmP4DFC4U2iT1EEkFaP1yijTP9SHSTthYf"
760,"1JeD1k3qjJL1vAWuZbA6FPaYct8WiwWnCH","5HySBkKoZk9DX5Ep1nDVQ2cKX5Uuu6KkEim6kNXdsCvNqknxyFT"
761,"19CRJ6jzuca7sgyxKroGyzdyX6Bw45ZZsR","5HpNDozpcrx6m6kBMBT7YS5uNFSJSZRZLCss8xtcyadw4iqbmnw"
762,"1Po9xNeLhkt9Dp13s4seqQQoGAy8i41HFg","5K22ByuVcvHa62oevLeaWV3RCHgAL3dWEGFpBFM5yeTpsuVPsTZ"
763,"17HkCykS7TBs8vVi9aSdFnpiAebnGNwtxe","5J2v77SfUPwAGkBSFxBpDgpVWV8RMj48n6wkjbgadmMuhbN9653"
764,"1BCTEQMCc7Pab6c9K8aLUGY7ycj2cfkfEh","5KN6iixqQd1sR1UVxkS4Z2YFjwi9p19fNjAfDBammSf9GA7FCRB"
765,"1P2RNKxiQXugaiixiN7k2kDkPn7ikDHaxR","5JzvSSjrtvBbcpRdYsZhekWpXAUC75WayGPnsKLwTVjbBnJoSRq"
766,"1DJZ5WnJYUTQ3vA8Y8ocmWf41h3r4hxV75","5Jq8bmeFfWz3vDqCox7M6gZ7R9WjHgqFnr89427UbFiZRWcZdhP"
767,"1MBQin44Zt4bRdCoPLCtsjXn1z1VmJVU2E","5JH7N2X7XJR8aGjp3WRVruf7ciiKhT3M4kFqoQpkEFNiK2Qcn9m"
768,"12gRJhEREizBU9kCotMJQSN3KNwxgjFFmp","5HpuY9GVn7KZ18ScbkaWMwZmZiH4s9s67hU49oB8cDDdXTri2s4"
769,"1DNfudN8vBYz6JsQFYuLKnWtP85aFMSrpQ","5KfxfVveqQGE6UFMMxHmdUNmjomZdJXzbJUNCGZApdPNFYqZCAh"
770,"1FF135CFFVQqjoqdmQh7S1vMsGh7LLmZ5m","5KSjjnLmzR5kgRrTfnYSyeYgnF3jMAfa97sURcihHAvKgB1yBn3"
771,"14rMezpHdm4NXvoZYMrNey4ZfUoUSB1mt1","5Hs2pztqz8gd6C2gJcpBPbX1EVWpfm5ek91VcvbChNTE7B6ezTW"
772,"1CfN7VLC9D2CYXHq7YwSyZ891BD3HPHCr8","5JMonvsSaPE4bMx9CYgq2sXcDZ68FcqZyrc9kWMuPpPqP8pmYDg"
773,"1CWSgZoHgD9zjqGQNS62vbeEVU2cGwHi6U","5JSD4PQjjkb5ngAQor8FfSGWXCtJswFgeVpwZ4oQ5YTA5hA7LXL"
774,"1MkyJUYQWMR7TDY7igqAZ2zWiQhSt8WYPr","5KhAVknnN2L31cXHuhWcFGTvG1izdCnAP8U3N52sS3ar3GxFTZD"
775,"127JaBDTQyrSCFaFQUUEE2aFf1qZGe9bVe","5KKsBKJ2QCNNHNARDg2owcp3YGX4Nf1Z8sV9dPsovLRXGZpynQ6"
776,"1BWFyFZZWh22jqpwiAkyK5dUhcKvBx5fc2","5KD5zWiKyKN3k8Jsvju4swGH2MZdP4Eyhmd8fkHQH9bUPb5pCf4"
777,"1C9Vaxuu2B2NVU78R4xJfSigCEphNWug5P","5JUURrdFk2Fm39VHe3ehTvRzFy65fWCQcHxQdyouRhM7r4baQfq"
778,"19vNMQUAoarx7ykkrvCkw8k4yr1eZJE3EF","5Hvsh1KMTfGM6sKv4MyaLeWUHstdL2hR8m2v8vMpPhaEBGJYcWn"
779,"1G3s539kbL2Tasd4tWmAnh8KZVJcdgc5QK","5J6LAeQFLrNTvTZFMN1G5UQqU4nG555vprTusVzWKGbMSEsHrM3"
780,"1AndTTTCCQWnydXReYUG15i3dj7yJtJYr9","5Ju1nnDF4WReVnTRozB5sg9mBexH4VLgYLoF9mK7UTkgqG3TMKA"
781,"128sQ4oAjzcGKqUxmir6wMLC8KhD4GpiaP","5KeYdcSQVe8EorXrvMCo3G9WWf7HBA2SG4iYu1hH8mJD28xSPj2"
782,"1HuCfBLgJD7TZPoF5n86TVfqKETvf2Q14M","5Jp1jj6dH5q8kCTVSkhegd5oDox7H6NoKbAMNChNXw6qydP45Yr"
783,"1touRmKbKJUJsN5ZzvjMBL2m1qX3yrDJQ","5KJ2YzpDNLEMdTHMzsExdX45rK1yvaA8xPfBKmXVVdSnZR9aDmQ"
784,"1F1NNdWZnhez6RUa7Qrsgsd9HHZQ1RnXmF","5KjMUZzCPDNAnkZ9BhcwDLXMaxFjcF6QkzZtrvmWiiyjiDMEMyd"
785,"19Rd3mMtt3jEhR2hKGFyFAW1VsToLTJCJA","5KidS7tR4LfGjmr7qdkNiPTxyMk8LoDddbK981QicisPZXdB7xm"
786,"1FxTJBmTsT7Cv6yRH3nvFv9Cb6AmJjsi2T","5JmrPxHimisDYRG4U3M8jTiU6yRPF2ydW4cgSAMqQGKaE1aJ5FF"
787,"1Axus3WDd63y821iMtfDr1dKk2FqqutZE4","5Hz1jrRxGA4S5e7TwZc1cQoUxc7EnEmfHHAvC5YqASGR31x76yy"
788,"181WX3pVnHekh95M5rmZdPEPdSPSg5M4dm","5KAUahwJyANjdHfNm2XnXnU4wvPqtFQuCQp3XTGNmXGSpVPQYi4"
789,"1Dvd3LwgDHeiwuoETftcs3Mft86cy9bQhL","5JubPKWU7esGps8V5uQi9GUXLnn2jZmkeuUTZEE6m6htJfKP9gQ"
790,"16R4Ge5ptAAYL5PBXM2FUhGM5ESkujDGTh","5J8LqVt1UkCwHbVpKViwQpJeg6szpWv1G8ryyKQRPPeQ4Lq83Sa"
791,"1H664myC6NAqvVkzrZvxTfZAqwdYXALYWV","5KM748ycQuZpbVWh6DdHmphsPLzmJTJDjSgGLgAwoBRJzL2DvFN"
792,"178QxqMgfZpkBurWw397xy5THKrZawCGTG","5Jo6byqnZiEe1yXUqMY7UdvBqV9mRCwBcLaBXeLgmedCQEKmjCj"
793,"1D967rqo9yqwwjNHaoH64qXPc64Rug6fmq","5J6vYvRBAYSoh7RZUahq7LezxZnHgGgsFEB4ugKzWa1iK1hQ6zw"
794,"1GfhRoS1m45c19hBbNnDae3L6qBtAmChq3","5Jb18zmcVmg5nMjLz4JvidqJ7Z8Z1jzNEqJVdoA8qZmorj2LqUf"
795,"1Ek3fTCu9uCm2v2kvuK9TUYrFCEYv6ekCK","5JaVWtGFT4rYmCzRf86voRM42Hi1qMLUZPxhujpmA9FceQbUnF6"
796,"13jo79zxhMSpyNQMr3hTgyGnFi5e5YcT45","5JWs72ka5gkR8obf3PR2hb5aBcAJo2LZr5jFWv31sF7bAaRh2Hs"
797,"1FNhk1XitfQ6BwdR9diFnsDTs2W6v8XZBq","5JRbiWhf35CcEPomUS5haqjAWKaUiX2RBPPdyWU3APCytXRTUAL"
798,"15wEXfeVrCXu34bj8UYh31MLN64arwqgph","5KKWF7n38z1BFsYTeickh9yXgGrYPXdm9hiNWNkw62BwkcqCgRN"
799,"1JRHvguMG1JLbjs8vbWzkZbb3273tPRNKx","5HsdCF85uJY46g3LjKoJSywKSkr8n5a1JteU7bqFomQDgMtY97T"
800,"12hzymSixUFwinPoDrZmgT8md1PE668FNi","5JthvBJudq21F9grTgzu7TzKzHKrT8s3wq8E3Vvmyqhxx8u5utD"
801,"1DNfN22dEV7feeM6nYUvBR6eUjQdzdZX6g","5KPGLnnNCwuPrNHb42q3QuwG7DPNkrz2bGMN5qcdqx2uGHBENeR"
802,"15rLpjNPALfRJf6ResHMKgfrHiQcUzLwt8","5J8Spc5yP9JE44VJuKScegc67K8RQkW6KHm8ZjAYPKT9XuhX2Wp"
803,"1Pes6jvPUPL1k6ucDu8rq9bZ2P6CmhJaCa","5KiRUsZQYU8kEocV85ABksbgW9wvrDpZ8ew3Fn7YTmHVueHWiNS"
804,"1FhNdyC7H6NcsGgeddUekUxSrq5CwisbQS","5K1cH9qHEDVosuLZK8ZLGAWGWkP5x3zNMzNZaRq8dncScTaD7sj"
805,"1GjXeSpmEr2MFZyJ9feo5xm2Cwbpt6d9dH","5J2B4UHatfjtGo4ermjdMmHQpZe2BYbf8ZZLdQmoaHT2iL74JMK"
806,"1GRHRVPumU6FFvvJ9PWQJULjoAvNzb8Dct","5JhxibNTumwgYuHH8373k96RzhLsEp21HbQspWazUVp9RQQSsHR"
807,"18MgzsFhAjRMwKU3gY2o8vowyh8UDwTzBv","5JNu1VzF46cz2jTPbnNeCrwhWcBQwZy4WZ1rUxTkmgotPA1JFm6"
808,"1CLgnPHAt8vtXdF8sdRvFzSBbqEybm3spa","5HxVdnFwx7HUK3Ru3x6uX9jknk3T7yPe14Kq6XpL8rRw1udfti7"
809,"1DxURyqbSdL1KFyrNYy7cCPhzq31wQy7fN","5Ki8p9GKaGLy9B8ds5UF6K7MaKSHgBWsMqVLGPyYyWsgUaSoLRL"
810,"17EjdsGgffTJ9vkTjScXPBs9ZvXYDKf1dP","5KH7Xamh7kQN1YxGWYGpYqjbWA2dcEaHqVee6oCRSbKhXEr5eTf"
811,"1B27yZhMKdWF65fp4gVM2i9saqF8Pw29w5","5HvkVFGAf9FmbBKSat5t1qrQFuaT3uoW7VSv5CvND5eegwMKxDu"
812,"1AWojcJ7af7znMTct9SFRmDRoM6vXooovE","5KENth71FfGBxc2FAfFwWxnPvv35kvjkxHZMcJ6aMLsGESwywy4"
813,"137yQ8mDx1XLn7DyJ7HbEQDZNBMRaizNet","5KNS6x5cASUHSY3icZUm49Qd9ySHUn1y8BsW2XAgMWKmeMEwXqe"
814,"191K9Fpa22PPURFCkLoujRnxepqSdB6Su6","5Jfmwepr1ZB8mxCHeTVBmUJdYaG4cq8gH7Ruj1oGgxJ2aCbKhZh"
815,"1AP5Q4634BUhdahXgTAXpSkiguPDPDGHe9","5KR4y5HSe7SgrXEdkZdRLgCeCP3gL98oAJdf4gUaAC8wWPvz1D7"
816,"1ESHKdUegwrh95KDefz5ETVocSAoyB6pG5","5JSJ9KqpK67arj2Ev5hWXQ4NDkLkL189ZCiBZSfyT61CtvTCtEm"
817,"17ce1aSX7ZrzGVQDttUA2rqDF7XXqV5zg4","5K8rvu99jvZeGftk5kkB3x8LU2cJRnFLQzRUHxkQkVArEYZcBMT"
818,"1LavLv38X7anVaCkV2UhaRf2UCjMKpJxDL","5JRcSq5iJFeC7GkHrKxf8NNnSmu7F9Sm7FXC1FXszWJzBBixoi2"
819,"1CH3rhmiz9e7Mo4AjcGM5EhqJwT2jcLojz","5JijXJZ4VXTLN8rYjXBnUXC1cB6BBLWo3m5jcfz1fym3zQM8scX"
820,"1Hk9ukkDFKvFBnrpYztZYE8CUw9yJcuBMc","5Jx412G4yW4irXaqjEy7nrTihyGLBafZiHT1dnvNJbLFX2Nt2YB"
821,"1FJzijeTpwtyCk7pnxvZK79mkyekFGm2bT","5JL7kcsRQaumv48cbazv7ay731UEnscesiAzNmho7NnFDomVi1v"
822,"12EYYQKUn8sPq812Gzeq4xoSq1VqhMexy7","5Jw1R7PNvMiMGbYh6qXf1fVMg4AdyU9RDTrVErk78N7tWQyufmf"
823,"1Nyta5bGR2LrjNiCFpu1Gu1g6cr1Ea9vdk","5HxutnaWXaedBvtmrapwb8Sby2iSVFrhPHx2RgjpNfmkc9qLFRT"
824,"1JcG11qdGEz3h8RmLGyjVpS29PRMEb1rZg","5K7HR2yWseiLGRmMn2dCrq97Dt8SCQZZfuHNECkY2yM4x9ghPJt"
825,"114cVN31Dktyy74pxvvYLEpDzkdhXx7kvd","5HpzwX12L6wgnW6QEtL1hDYH6y8nYPMqgCy6F3YH1Su5rngYfZN"
826,"13nbaHnUoGFJVrYvA2H1BWanDWp6LtxnTc","5JiT9bB8CvrC4J1U8Cc5UH7L7MLnyBHxNdQdc5v9orfF7DPGDjF"
827,"19PvNYN5QXMmc35evLtjm7trmL4wc3YsQU","5J4xFj6DAyKmJ47EHqDNEVS3Ski7Qd5ojAkm2giP7EgLuLjHzwY"
828,"17bR2oMmNknyBcieJcQM3anCorA7qScZGD","5JjCkkPg3NFubr27pVe2Tjv7Q7hD5XyzrhGS9HBuEUpEXaAVrws"
829,"1DJorkw2XSojeRa7eiKkvasmu3wKXX9xDK","5KgwAh85zw2DQyRBQkf5nyZNEJjQsMEX2bXXYj6KDS6Hcbcor97"
830,"1H76xEogkSU4bHt3sRRC8weVpcsx7fJwVJ","5J7h1ddphNJd1f83y8HrG74LYk6k5zGqSvzCQ1gvshqxmWs15EB"
831,"1N8Jq9GYPkrqHhHaR7QgNJG88rFLcVSeN8","5KEKs79wuC2WdPKJnC18E5erh27FqQVTSBadqWKbcgvRJreXbrN"
832,"13ZJy5sKNNUpW8U2qUziE2MEL68VpNbYfK","5Jz4z1yH24s59thrTYn9MV52dSRq6VTy7TqyVRSV2q6scTrjRug"
833,"1QGFMJBSBKb4cvFkyYWNajNZtMj6AvATEw","5HxTZHs7TBGN5C6r79rajtZCgU6piBPiRzwiuYzvTW5omxXAsyA"
834,"1NnqePvXawNnFJYAy7f3vxxibAw8XPrRoJ","5J6L8qbutsSasnVYUrBAmJYU7HHmxqbWxU5udeUUcJRyHWEkDdu"
835,"1FiiueZuT2jMMW8KvQbFAhryRtQ1oG8DTM","5J4HXQNZJyUg5xHSvo3hVfFf4RdsxFUvi1QgJcvewQaHi8vxzje"
836,"1C6yc2aXjdbWJqGmmLA4cnp6nK2kYccwek","5Ki3QmTMuenNcSFWoVK9RiSJ8vgrmdWvv95BeRaus9dQb1Fpwze"
837,"1CgFQSmxx5WsAoSZqDm4uUizYjp9DcmYUw","5KdhLGijVZLgB3221tcsyJrEfTQGrjf5CWUmQsMSGLuB8JzvjWr"
838,"1JAyjqg98qp1GiX9Fm7ftCjhG5sssrKYgm","5Jd36JbGtG3QUfmawij5f97GYJKyyEApUGa1hbBVD3vZR1ZJQwV"
839,"1KJ9NvUKFbMLEKcxwszSaoRimjzh4oGBa2","5JkscFxDz7QnArUZnAqbtMo1rNi8ioxrejSHMpPScSGCdSjz9H4"
840,"1J3dZdm7THqKvqRSRdBox4n5wmvjPPAc8x","5JhF6bBaTyg9sQWFHNMpfPUo5mEGRC1VVM5nQJDzCHQgnvE5YBR"
841,"1FZPUp4jVPHqU58LUa3U8ijuErzRBiB1Mh","5JkLRMVEgR4ecufx14igEarh1inHcLQJCFBhBPhnVtWGPZ6gKzd"
842,"1JNkXzRem7NDzcCJ1ftntsN9xGGW4SSZco","5JEmTdSpEXNXNmpgAtVAfkVaxBEKC9LSozXzjDqz81dARwe9p9D"
843,"1Ao2eP4oQqzM4MFUVrPnhEK2Hw741HWBEg","5JxHEmcVy1SfF634YsFBMJktppE8c97iGVvSnPoRUinKwcuWEmp"
844,"1BokSCGa8CfdpdMGHefxzbwbMJWNqVn9Kv","5KQFyZv5kCu5UPuL9YLqWVr4ordEcDafF91QSqHiVZRQDyGneeD"
845,"1GKoAg6afseaAMbAtYrAgmZyFH3jG2LhPK","5JArCQUvsW1caUsyTTJo6sFqJ2GfgmpmB28pYWjBhVdX4LDtCGh"
846,"18FWhJiZL59fu9pYVVKRBiw7TYiTfCUGS4","5JCLTh44VqtjgwaNFzrWYS8UjtHG7f2bTWksmQBePXDCaspg5rH"
847,"1Q2miqgzdEKsqquCcSNwryhdvLxEkFxELJ","5K6RXYPXyFgEXm8inhWjQFbLHDJnctkqHd2YdCLoLdthbNdxhiE"
848,"13vBQQCy8hKBJSn9dDHysx4BV2Qc9gviiW","5JMgNvAhqTmbhHUaLwtMTvw9mahR3Aa62BPNQ4Mtp4Uo8SFt1E3"
849,"1N6WsPs37WiRZBsYPRrXV7pRMVjmGHrFNf","5JmaYTz9zJXgYTeU7jN6STp31obosMkaqwoFxJfE12eKnpVCha5"
850,"12dFzgPUbXqNXpKT1a3kS2ZUyocTw82CVQ","5HtC4Mk8aaMN5wy8fEttXcG6nMVCwfqwqcW6WYePsSCCLGrW1ZV"
851,"1BWT1QtRSGKR6b45DE9n3MMUgzkeCfnKwR","5J2tdsbDVGGnWWXTx453ZV6dJrra4PAEvYVZ8QKjEWweZHtWFZ1"
852,"15PiHHBxDBVN1S4cFGgBxk5CPwAQmcraHJ","5Hr5civ2EZTT34psNeLCADYuv1NURqnHaUDFtsqoFYM1VUD1J66"
853,"1MzGbjZDxVqesbTS8FHHFX57VxL3JJEiEg","5JncBiK9mHX1nTN6dCKcvR5YCL6LYy4n7Z1wMoMoTiaVqYUJTgh"
854,"1EmaWEPBFnTUtQeZ38PW4iJdUsG1QsRc4","5JKUeGBozhfwSGNzz7w1xTXs3oFCdW4RrGzKb5MhdoY4LSZ8G1e"
855,"1DBvJDmCsgAUTcK3fuRqo8PzDBhfwYVqdT","5JwS3mWR827Jq9eRrnAb4bo8exitAxf3NVx2AMYXcUQzpsFZutK"
856,"16YvHQPFmPxmQT6JKg62xMwRECCzVN6HAF","5J13mADqhtsKsN9ARChfBhNujDjkaeyw6ATkeLPvUxe3MJ8Pzy9"
857,"18oFik8ZhpC6rjsP7yzFGk9YWoU4vBx79W","5JjN1gvBiVF5ro9cfzMRMEwS1BCZAAtsda365JfXocQYjsriejV"
858,"152dYdu4fzULNHK6XAEaBGoXr184TkYMnJ","5KJuoZ2KqURkm3MJGz1LLhhWKRn8hs4gkNNqqmvyYcYMT7FxoVY"
859,"1HhbLXLAZckiYBpzuJKEANAZbLnrnpBsj3","5KDtg7oaAoqMN3xkYLGJ2sibFsoaRSoekGFdvHhzZ5Zjx8gYiji"
860,"1Ndk7q9c33V6zz8N36Xnvo9L2MnkWd1jSp","5JZ9HNjGE5eT6TSbcuLmkWGdmA1yNc5z3D7xqhcmLDSGRLDCHsf"
861,"1LhzeMFETqHnxrJsqzdeRCCpgDxktAqfdD","5HqrV7qFsxtLoNDpc3UzUDwd11yadT9zA2tNfiBvd9JYD4QoNrr"
862,"1HpwyVARQoTh7LhwYJi8gLM7mW43D7mrgQ","5JmZZHWEqeCuKMDsUpuLFn1azqDDKM71czP8Pmhhk1Unot8NG9Y"
863,"16j9y3jLC2ayNLLAjz3FwDKmTLpX999q8H","5KAJpfAUrV7DH2fTCTHc1iRu9eAAaYQEB4L62T4Mv9Sro1qXiZv"
864,"18yaNkUPZCPtgHNhBiEjpdVphBpmXTse43","5K5ZjT7griYK4VnZgmimGi9XAvc2Gw99xQHn2X1F5QsT9th3tT6"
865,"1JvU9spdRkzWGXcyePZCs33JjtRjLKr2m","5KQre63NDTMGpF9153Zk8CukxwGmuDtNREMEDDPrAi6hgxqVCNx"
866,"1DpEA6CDRaqg5pTnVWECz4KpJ4vrz6VXki","5JGejzeFUXoUUuHwaGSjxz7Fmyst6ZSetSBewL1Xhx9K8Vwkp8J"
867,"1NszcmrUTy6Fokse5z2AAz9W1a5Rt4DoEe","5HvZNj6Jj7DukgrQdbFZNfRGixHcKucYyRpVLs55fusnVJu8jHe"
868,"1DzGUXcvp9K4Y4uRzh2qxtg5dpFmHJa6eD","5K9rizhnbSzGPMxa2jGdS99hB3smXoN5gdNJ4UeXGbUpuuEa9uy"
869,"1PpXyNKQFhPJxoZz4Zg4LoBE16SUqBqZEU","5KSTpFGbn779VKrzgDuaissAqegaqAAgBdPZRgAa2aovrxqQtbo"
870,"12TapiGGzEbhqXxArzi2GvFaGbo8Q3ycXo","5KP7YJt52g2Gt5WrynqXf4EXTRuJYEi6sPYAP566nGHhCeBpvLx"
871,"1FRS2sXnTWFVGPqdLLWdyWUQw9sRkvbwhd","5HscmQykxuM1d5p1n3Yee5hpiJLHdfV26Mwhe8jNWM9nPCL3pvo"
872,"1GR16tiVbyvojbm9e1V7jdUdotdMZ4ukH4","5JSpAZRNWGwuTKuHPPMsXR17FnsGU5HiAcEEm3iyggASxaC2zUF"
873,"1QLYLJTzdgk8arUScX5t1uPg3eoi6P36q2","5J6Ea8T7Ya6h6guQqA1Bc91vnST7saoggEHCcB5tKgHoLmjKLeK"
874,"1DHn2Qnqvip4ubiWdXhnpUx7YDnzvQcz1k","5KRg41hVtL6twZWCyvR13mkwcSMWGKquojbug2njKLJ3EV8Qtrn"
875,"1PaZojeoGHGvWdwwUPWArPFBpLLg9ShR8n","5Jn1JByUKGXDKFUoaD4dbb93bhXF7UrzPSc2V4W41Si9SbL9zEZ"
876,"12CnCx4xQUhsmNx8uV2pvpUvtiPhVTJE5R","5K5N9yHMBJV3spLPm4k8Y93NvkAiJzVC6mbcatUYwziNyggSgcN"
877,"1Nmv6Lat1E58SqGPmpp9x6wbJiqtUFftx6","5HvK8uUoZ7LtXQXcRfn5CP8N8qGqAEza1vnAFPEWL57QnDPvqk5"
878,"1Fq6EzEmSQraEwzrqbKzEm6Vmd5uXr5myo","5K2hpx2N7tx6vfSeJC2pCF4734xmPrrdGTYGDogsWgPiz3jhTB5"
879,"1KHKWf7Ff4BH3jPqnHg6Wk6hTeCs2UMQfK","5HsXARgR7vJ4eYi8VcwWmnMJ4upqHzkbRADaCzq8MVYAVH4sqce"
880,"1EugbhwcPGkt11Y8XjeTgB6Xwvmdh4T7YQ","5K1b64TrGt3H7BndcCS52H26YQANDnhJn5Dua58zF6mikSs54tW"
881,"12yk6y6MEfn2XqxHp3iv2SHVrsBAeuREBf","5JAyZzLL2WeJpvmdzEjQoVWnQ9JY2FZ4h8tzrW8iwDWTP1JJMxe"
882,"1H3nXiZW6VaMfqYvD3hPnRm6m9QTfD4X3C","5HyBL9fi86yzp3GTSDhGmZ1RorXv9QPnb2WW3DuXCqsj7jDv1Wa"
883,"1Pdj4V3hXdfgm9tvcJ6y5wM19hCges5czZ","5JY2FVawYGhtCN1nosdVjneagdUSUUf1CPiRXNXb4uZRDTCo1KP"
884,"14BvnevJEw2gYWScDnFL5T7pbXah9fJBBP","5KMPcUsPEMeHozJvmTiqYMEfnYSvzdC1dcnZP7ktgAV3Dz7PYN8"
885,"1HbyXYGCwD7qxc8U3Gh6YwJ2ZyGaZAVPU","5JDADFbY4vNLom2PNrnTQwe4EF7hkvFtXL8Uz6DVuLW2pkEK6H2"
886,"1GWqFnFBHwh9QH7XBhPzEzZNBSR8X7HL1g","5KGkbVM1uSmLg9UiTeCtcNQoHChUG4ZnUf39iLwC3qUp2gugDq4"
887,"158jHVCN2EcPhdrbjhZSHBswebv8tPzKLU","5HyGHWXMmK3Bwe2anoeKn5NNJtfcyG82tauL5dN3gCTd6MaVyfP"
888,"13nYLedTxQZM93FhKimUP1J7H5in5wxkcB","5K22x6FzdZ7MHuq52EmUBsWgVpaUFc49Gr7SDt7Fkt8fAQQgW8v"
889,"1Lrgs4YYTfG35nymwG2P2o9DVQ4MzEXxRU","5KLZRESNCtbX3SdUmw63dQzq2sFco6nEt8i5TGRme8UDVckBWMq"
890,"12CCsj6KsXraSqCGptXxfnPj35vK7wLe7K","5JdtzBtDomKsRVnxhKTEz75x1ytxBeaPSUFomoEpYar9gLHE9Nb"
891,"18Bsu3W1QFzePm9jDiZXB2WBYB45fu5JbU","5Jff2i7fwovc8R5EanjhSMU2h3HYiPotMY49D2pasoZDzshFyBP"
892,"138NszjvMiFRdbi1hYYU8uNEwYFG39kJz8","5JmgmWQcm5g7TzYsrgfSgrGD9JNmdrgkiSSjL1jWQQG9adgyrP2"
893,"18tFCLG2Kiw8ZX7isbymb66WRYFfMVRppJ","5Hrzmz7D2ujAxVvuSJoUiwQs5Np6AoMqriWaMiENLZodA2Xntn1"
894,"12m5MVr2MLH7rZ7zs2QNLLEUXTpGmX7tFB","5JNxtG1Pfi49KCZrj8aQC5noTSR68k46EWH118x3TApkJSptQCg"
895,"13txFFsMkcYCkYyBhe6XJ3wJq9VyMA5VEK","5KC4MoY6BV483LMXbffw7hVZjFPsVu3EMryyiXeho1zRKHbYGq8"
896,"1PnWMDEcMbUBHtw7aURYfi66NmPLcKJmTK","5JGhjF3dGMUy8Dx5X51nT5xGBT7UfdZLd283YRzdS9SNZhzBHFr"
897,"15RfsY3hyuwKZV1vRywu3kn28SgteGGY8M","5Ji376XFbLmKKmKio12GihxmikkKefN1jXbnnFT2UnwiN4YHCJ7"
898,"1FsMNZGA1BbE7UNmQZuYfnSq6pWoJ6gBD7","5JjTZaSYT4gibiYLVNFA6Au32WS1E8bQmFespYwyh9GHcjDu1zt"
899,"1Ac1xX5yHPB23XKVRFm6F4KykETwVVda7k","5KYCFcEdBzM4wiNAkYwomJajUtW1xy9oYWds4Z4N1tAbaW46kXu"
900,"16YafcUKwe77LNdsRc1K9q6DmD4YWaxsLH","5K1PcCQs4Dx7QztdErQm9nS9GW8N1qSVeSSJSK13J1fL465oBJB"
901,"1J8ucBAV392wPjk8TSwazw6dMJnC33moRJ","5HtcZQFVeAyq4ah77PBMBwkL4w3bwpsjtbjyiy9SnXa8WDFRPMi"
902,"19v5ppcsmgHWocG72NcB4CFkgCShgJqm8x","5J9K3mxuEt23ePRUtgBCvoKavVaSWtaeL3DBGSU8gWbbkjoQ3uV"
903,"182wdaHz2t8RDCQrbAQRprQsngihssAhdT","5J2ZMZqLuf89X2PKTZmvijNXhM3tZs7cMsm6yWY3KfjxN5xdoeB"
904,"16VECZNs9Yz48VTVe5ziB1zzvCnXzA2XP5","5JkZ4rSG5xPt8K7N1wZv1ncZoQpJrKAkyvjAqSwPtw2mMnnNqAg"
905,"15pLTGZHiih6Xf4H6mfnFEFjmBny4TLA27","5JvzVpmqjruFSxdVbXBvQb17SX2ZEAC7757jGMzyfAYARmP8RaH"
906,"14vdF87vPKWDskfXJrtHZSdMCvYq7giVzM","5JZ8xsWQwgtiH4YP4hwXJQp6iqYb3GsSXLQpefT9bKeJBDa5B1u"
907,"1EJSuntXVrvfsurWewwV4JjF9YTzJU2UkB","5JHQF4EMuVsiRv8V31i7iSG8FhGugFCV2SBTGuJUZcfVovj3Hjq"
908,"18jjbPS6Ev9Lb6p4yQUbbcLA45uW2bNQ61","5HywWpuoQo2GQNAmDYz1J6jiKsb6KZNKMCo9sFQSibm97YDkRdA"
909,"18PLNZ8SKM2pFGQgaxUJAt2tT56ATHE4NB","5Kb1SobWSxMfzbeDiGSd2VH9jTXrTYDQXLDeVckeJ91zieh1v4c"
910,"1PiXBovXdCDi94jnhtDSAKkuC6scPHB6oQ","5JpuaC7Xc5GxdyAz32TKhitmZScDCFuLLExzqRU8tndsc13S5fR"
911,"1G4J2jozy6d2Tq7jdoRcWMnhQhDWxjccVq","5JyFaaSbLzm6yHZfosCvLAmvsm6jvL4dVrSj4esKkC2HohZVjQ3"
912,"1FiQjWdaEuaD91QzUyBCvWFYo6dhQo3st4","5K8G4Mvii9RrV7Ag8vzXFgd69DehwmAFkk8RcDfkVavXfWdYafa"
913,"1Q4EeSJ2YCjrYLjBcarJs5sLLW1gqRKQZX","5JQMuUKkrKGgVEiCWfh2rWrJvwSgv5kzf8qpzLcYyGrpoALkeTe"
914,"1J15o7FzY6kzxyDhcy3GmuTFjHruMVoQYp","5KjqLfv113uTWuWNxPQk7TDFGxwQGP1kckobU8NyQA9JxRzsAXX"
915,"19PMjqQSNBxZ5XdhhByzFCF4MdKhG3X2J1","5J9FK9KsJUC66g7dQdp9NxjH6q6Ct4ZosLeCmCbaocnexTFPaWy"
916,"13HSq5Kvv3ZwtNn7wcc5rSxvYM2UfGn5u5","5JNtja5WDS2icPQEckaMqtnXTA8jrnn3aQVRgsu8u5JUVhRjhZ1"
917,"14UmBzR6StUpXxU4s9WZrHdSZNXNLhDef5","5K9JA6SUnVBrfpy2tFc8AeFF7LH8H7tiAMbt5Ge8ihtR3DCL521"
918,"18XPqroCnaF8JjcTcYN31LGwNCZSBvZ3EC","5KFox4EASttoUGS3Q3RfTbKKqZM29xV3CuDZzFXCHU9sWpEcmaL"
919,"19uKVpu8ztYwMhTNsKUzBjkK2xn6Z92BLR","5J74qPR4zJrcaBH1vKMmgwyqofLKXtjMU9hzn2uwUwYVGdEoB5A"
920,"1Q3eFCJ6jMA3GL7mavB5RapztZqCWaYfmj","5KHAjDu5xsu1k6poux18DF8TpEsuw3SWsAPKzLjQUzof4NMjhJa"
921,"147yW6C2mmZUakAAmjrsSkxNtTSgp2De52","5Hpsc9hNhBXZFrDqsnGJUwQrEAnawkko2coVZknDvYncNKhreoV"
922,"15Lw91N3JMgWnz3vdoiFSz5VGDazrZcabx","5KHyuSY6AkWQhktMJ747FLTBXhuXWVp7WRQvAxX6LtzPeXyxL6c"
923,"1FFeJ3sp1rGuJnRSKATm5VCpdnUqhrZum1","5KRTQe6DqJoTh651CsXQzydYFjFFLfGWfCHpKmqdqyPamTWn6c1"
924,"1KX5rfGLD3fcpVvh5vsAn87NW8DK5QM43B","5JSpBE46JefSYkGTTBgqTqxLEEETdV9QxxhpCrWigaR2PJG5UyT"
925,"1CWKMcfKq6dPPbRJUYz66pfdDsiqC75dMS","5JogWF2rBZ4eVH4LwcpH39UEjvWSD9KgkTDBHLUHea1QEwATBoP"
926,"1DaGTXhJYJsbv3xgqPAtSRxBJP4o3UXbor","5J4LwRN6YtcTrPj7J73pBFLVE4QwmYt62WxLi1pZfbZGDVsKpwN"
927,"1LgeCi2nTWxw3SEcmhcE4TEqbQn2235LQq","5JsmtHuwJziA9cvxpzdwGbPRFpJuSmzRvABgGBp2KXBVqNvQRtf"
928,"1G8nKZajgipSBmhX7NHZeneyfqmbbuGUYz","5J7gRDxLzxL1ycApApipuY88RgyWKnsMQMfQUYy6csVmWzHc124"
929,"12wHoCWdxRMY5r8cHDe854redYV1bWDfUG","5KGN6ywB5RWCp3tj1iixuoceVrSgd8yXsdEpX6T1dwupmfe4WoW"
930,"152YHZByUAj1f1iGsiF7pQX2Wnc7J9sxES","5KaKHLg5SeCzvyf6s6g5fEBJZs86xi7eAB9T7oby8Q1wvF8Rdem"
931,"1MyvhqHqUCpKLMuL3t2SLpVUhA35vbB1CF","5KQQbMhKy5jhkYtqenubzZBVtCwE72PhaQ2g6ejCNvnQSvmaPFU"
932,"1B262GD5R1e8yuqgGumHwCNeghZYQH13SH","5KaSDfL3uWuUmWq1QzN73M1WHYTZNFmZ4gRHvfFBY5SzMU3uDqd"
933,"17skERuykbNEWsBhsHFjHub2qjxPWDVbkk","5JiEYA358Stnn4AaLfVZK7yMpRhyc3SVbxuQgSt9xgmrLTZmXr8"
934,"1KhQSL8u9jtsr68DUoahVfNij2qsVLHyNN","5Ji2ZU3xJaTKNqq7tDD7MeoSuTTBnC9XJkM335d7jXbMofVVvqF"
935,"1PVCVL71k3PUM78xrUN9GNynmAhVjwGfjz","5Kb6miTCRP3VFeu5fAJeYZSxPYaXUdTYk65AxhmTWP39y77krVC"
936,"1CBLp9uQwrez5Wd9yG9TTDWUVHx62ndatn","5HyZuJuKqC2Mq5QTwD6ayAq8e5gdbZ1zYJcTUxRyZjMneZa1MxR"
937,"1D3r5EBRxbMEbCvqmU4c8GhHaEFFMiRu8P","5KkZgVLwLRraDwcS6WzpZQcZ1sxSFgbbXcG6fMRwf6zUCarRQry"
938,"1Bn6iEABgt9J3W5JQ9sh7osyXqpdhfqBo9","5K3y36JWtPaeE6gCc4gKrGub1XRu5pbSzq8Vi1JXpPLi2m5vQrd"
939,"1LM9nrnkD4zBnJ1wUavguxpxmynpJVaTYX","5KjdUqSyb6otPpupkF4VYKhM2N7LKawJtNfWvuxVJxPdvy8Tmbq"
940,"14b1AKDH9pnzPkXeurLGY9Q3trbfY2pfJ4","5JPCRCLg1pcgmZ6pU7HZAb4fN9UtDyYmQtCXrc5dKXGJfgWUbbS"
941,"1GenVEJTJGyCpe5AcP1fNeDhpWZLQuXMHS","5JM7eZ7h82KPJi2kseJQXvodEErrQNV1QgFLbjSTx6xoa6rTGkX"
942,"1Jk9kkcsdJj9o7yjNEp4m8j4sxPyuqD1pb","5JfC2CQz1vbAhCigk8q5VQY7e2W1LwHeGWwLNmiAm5gt5ByvEV9"
943,"16FJkGhwmdLuqQjagM8Tp48NWXEJdx9kEc","5Jz47rDQAdu9QLM4W6qGZDjZ5eMevAXnxxNxeHbhTqBTt5xFs48"
944,"1FMz5dtRsLabLGuFmGQq79Uqsehng4EwrZ","5K3MWg1VzaK8FroFF2wvhnXXq5sxJXsTgs5Vi9ibPYXG39cyjqv"
945,"18PpecKMSSvkfGjr944qr5SYkNYHLzSGSA","5KjUspy5QzWYuAmJjzZZ8ENRySr1nPcyTwR9TpdQFTSuMioYhTo"
946,"1PRoTBQrTxYk6VNtHJBbJj6ZfiTGhFpGDN","5HtQsfTDS83yiUWLpy8Y6PPqKzu1XhTnsndGD6FWgzuGEpLWfsU"
947,"1PZxFsVWUpCBTuD5SZAjCHuq2U2LFv8Hui","5JbLToBnabNBUA5KTeBQ5DGb4hr21o53NbzWrvcTzckwsqtX7A2"
948,"1FUvYPpG726h971T3oqhfBTrxKWEcsM5G6","5JfeaLF3MocHBcn31bXXEhSUpRShkmUqrxaE7jHMPaoq6AW2BkP"
949,"1Evipo1JXDQrBCzKfZP4N9JamGFfWxs8Ub","5KgADXH8Kq7iCSJcvqiL6VEtYuXyf5mTrHb2JNdU14z5mH27gJm"
950,"1EtEV4Catb6o8PxPcCFvCgBAeA4uXtoceX","5KBwQEeEp4UAqHDusbe5HjyvLwn2Cq1WhKXSRYDc23yxGyJ7ucv"
951,"1LA26rygwGH9tT4pjBnJdqLdtxpXU2oCK7","5KBKbMV2gpA3pFXAP85grevWJ4scLmjd8DWiSR9p8pedWNyQvHs"
952,"1FJtG7rqELBQ4Etfks4PChjpSVJvwnjqqd","5JY5fAmNoopWPcME3BBtMxhLW2k154H26M1pRUy6WNm3Xg94VG4"
953,"1FeqL9e7SHhX3Vux9wbizxCZAy5EiFvyJf","5KCKPwqVThK7UNgkiYCdpTcwvEtJVoyqwHJCLuhyGj1vZ714tur"
954,"1AYhxc1HwoSCQLLY5ZpMpyNR4XFijPTyqd","5JMpAB5fqPHQAVDPsiDM7k4Qeqxswvn4Pq73Nc6nigHcVbvk6Cx"
955,"1HCJk4MCFWMhXGd2dumw6AToqXhVXXnEZ2","5KDx6JLpqZZEUutU5bV5eFJa1R4forfu8NcDwX5EKypnkXXSZrp"
956,"1EeNeoC9JzsY28d1TpwQWx6uTpCX3wsc2d","5KKpB818Lw8rZCkxnq5HfZy4AkZdgbo7PWWfCgFrrut4PPPkdnQ"
957,"1LEYC8rr7Ao91xCVBhxC1eaU4tYPKhdXUC","5J1zcma78CYYwgXh9Sw9YTabRHYuLQPMt338o1C8XaGLWMaG9XA"
958,"1Mjwjy4zMYhuggqk56v3vgwyZtFwgpzBtM","5K6bxhBKAwg45dhUCfqvhLzxFHBiqQgEKswSJC6yARzxKYBbfsz"
959,"1QAgMDJGZLsQ7jKJwHs1xoisyjobLWzh3F","5Jn2jCQ6aRWkH9E2UenFnoTRBaXoFfdujRZytC5v4tet8UqxpRo"
960,"1QJZJ9wGTk9MipNMDgKEaJmFTgPkbnvEQy","5JEsCj9TjU6ioeNnQqCwHKL2C7vwPAVqnzq6YBdh34KTKRpHRcn"
961,"16yZfiJDge4C87AhxPpf8tZwQiNVPMziNH","5JwMZrDSaeXWgBNXjyuFneEZXzSSiPZ4AGEwKnmvFV1Wi2HQ36X"
962,"181EuxQL9BD9CX5B9fxjNJZREhUf7xHMiB","5JX9q4HHVm3fnACvuWZaiutfosxeEW225WeQCahSdLYXgCX5mxa"
963,"1APDQ8txRHHTYeLFUu6JvoijnZE1KLZLzw","5K9BVz19qYGLzUREzQxnJ1JJzig5BmQsh3zUfViyyhhhBy5eJjH"
964,"13B7jZ2mrposgK4BvWS58aN3W4nnx3fhTp","5KVz8S3t6kxNUXipkmxPn5w1VsnfZJ91TDNYmWxoNM7oQSxDmdL"
965,"17XpXANmEwRC9Z65jGgwa9yzioUCL4hHg6","5KMcVS7kVEzdci961h3rhzdJ4CuB6MnSfbEHt7ik43u9y57DMJQ"
966,"12LKAs6gQgDCTVvSRoBZ5825x83yqZvEhk","5K81zky4BM2F52yqijn9Wdionw3GpbqJstVRX2AgJSCAAjMj2te"
967,"1AtEEAjwH6EoDdcKdWoNDeYDu7vXC7rvUD","5KDzFpAcLRS8CGrskj1MhPLxNJCbKXrpdSv1EKiMxNXHWUBkGLk"
968,"1PhpBKzrQfUq9QXdscS9HVHq4wUa9t5tFi","5J5vRtejSwkaqfAXGHDFckUdHBq8SoqtT8zGCMqyXJpRR4Kv9gw"
969,"19SLhViiiXzorXJztY4titrnXDD9rfWgh9","5KRBm7hBWcGBx7AdAvXbxpKMwfCb41kGxg2t41BhZK3JwiGTp9g"
970,"1L2FESdrZUpkq69rtBYZuSbi22CxZ69MqJ","5Jcj3oid4uXrFqGv9kXu14nPhmi4Uhc3JY91kX1ESMCrRrtBzEL"
971,"15wYetvWJFbJaGWNuojPp1MGhm9AzwscuS","5K8dpmiLsFx8d2AmHbFAYPs8sp3ze53RttFAgXYbfLjYe1XzFUF"
972,"15crM7joHkyb7gfHWCVcWSAsXHFtywGGo3","5JRTySqKZJbufcYRNKyVPNP8gDb7KySfPCY1PpzG8ahVX8dm8r6"
973,"17XFtLMoiAKxhWWY9wgBjXZnAEkqiMK8gH","5K1g29C5uHJXB81RAtugpboSATZpxRyGAejn5wikbS8dwxLQKTq"
974,"1KKQXA1gvarMn1eQHFoH1b1ZDLeXapPU1K","5Ju2jjetAKhHbTsu1wmPyTW6N6yBFpHbn2mVAbh13yhzPoZevk3"
975,"1B7HiNjXxuGLiJYPVFAzkW2CVWHS2rjR2d","5HyV7fhQyhcfXDNh6wBtQRrA94fBhQB54y919ciuWYEcVkaKByZ"
976,"15uazxTefnebMdan7gs8deUyedxZynr6GE","5KQ5hp12Gq2wv86sMbdQFiXSut7nqNqLik7oUVnJrsajAqdN8MV"
977,"13BfUpaCaSPm73SD3UbgJy4SEvjWWT4Y22","5KjRCUVrXP7hNEkG4bvcVajocTmqH8irovJ96bnVp5tDE93wCHR"
978,"1AqRa4DcwoCkP5ybVNoP3Yi3hwApievktQ","5J89p6sn2ZpwMJpnkRTmET7VVRB83hUq2fQQQSCV6TtXUyH1BAJ"
979,"18Q4GEyp2quBYAAwthBGXcCJjC5QNykJVZ","5KYRy7rqPut4kQP7G4hGydsiCxV7YAnqNbu5ZxcRvAnP3G8Ut1p"
980,"1Li6DfEcEqw3UXFkDUfw6p3t3wgp2REdaQ","5J9zUT3ZcjsN1RcJXusZ7AUpymP54TXUcrdAcJtweWkesWfRGXo"
981,"194MzKBF39kjVj1crjox8jRhPqkiWeU6x","5JduSW7c8bZL5ETDZb1NaQGW2wSkRZVehZrHn3okGgRXsaxetQW"
982,"17UTpeWs3pXNS5ShC1j7EQ2KviaXMUwTUd","5KEP2Rb3ENfhqwN9gbH5enQkX1RMTPE6aWp12gerZqmyzmvR8RC"
983,"18g24vwuTf78wL8j2oFFb2NkQVzW8rf656","5Jo2mFn7oUiSGcUXTwUCfq7YdyuJu5oykrZyG66mSh8tDEo2yEZ"
984,"1BPpxckjXDJS7q2YMqsGQLn3CEuRHEcvbw","5J92VPeaESMNR6NZMW5cbYAD9Avs54f6v1A38vz3aNxjuo5gwva"
985,"1ExN92g9q5GKJ6dERh8tmVmyKnZCTCuRp4","5Kiq84bScaprYkqF6k2fAyLjSnu8Ft2wFbietpty1tuAd3o9P6D"
986,"1Me2ZwfFxPpZXLycXW5dj5dvV8P2RZcupJ","5JxiKQ6vhnBedtyAPxyYQc852TPhcKSxRxiYJzRa4QKY5qRj59w"
987,"1Khean9YHdfY1CGaj3jfGHVQkGKUw8QQrX","5KYPwkta1mDLoRMGqAudmg9cVAbFq1VfWQVb9ZFtxgsgNabehU8"
988,"196kA2PLxv6u2pun94VpMdArPnAxat4YZo","5JgFPjGCmG9V33pcCv6cAPRjzsdZXJvtqFAFz1sd5i6gbExcGrD"
989,"18TyaaHMsCNvXW3rUkxVvX2izBhSvD4qJm","5J2qsTDt5eNvupogUGEzJqr2WKe34grcq4aVscpcWnB1wxxLZm4"
990,"1NSiSsfMWNDkqecnkP14HD1kYYLbuAVHdx","5Ke2RvZfugFa9CeBenNqrCiWU2fdVKx3T8PEdHistzSyHtnCtre"
991,"15NMR9CsHcYvq3WpFbXwQJk29NvpxrZjfQ","5KeH6acmpb56wFjB6V1RHhRBCyzY5rVz4PYiS8gLGRPjEhBmDbB"
992,"1QHLt4zM6YAjMmSqBBNXYtRNF7iNv31odh","5KZCrHC4XZkeUQxSC4V1Yqi3wwjrkNsZZdDrdgHk3f2MXVA9gNT"
993,"1Kh3uJbwSNq2MHMK2BCEz3eAVq26s6cE3d","5J9RiBLMTmYA2mTS5wqiJamVamS9UydMHvTa634w21nZ7AWm3Be"
994,"1PVUSE1KEfB9HSYgJX2EJbfW66igGXEZ6G","5Ja5bGMznpqe1VQCNttzuTnQegNK1PNp7r6k7RwAE3cyFcZPqQq"
995,"18VUEyaRRWeXmBjBYznmW39fhWxQErQXSN","5KPyFuvrNu2TkSvqfxqubXSQQwisDZGrFGs5g1Z3wa6v3KiDz38"
996,"1MTSJ7Raz3xVgBJPhjupFxDqiCMSQgvvU1","5KXT7X3WwHW5uTEj5R2iBXb5LGqv693ox3gc79LLE7beUCy36LM"
997,"1H8JBQjWBfmw9LsvYwoxB3NTcPkUcpdgzY","5J45ATpWQHutS964DEeq7xYkE5JftJD4sJFp6hCSEpqxwiE1wjs"
998,"15bfEQ5GT5PtHCMMqe13ut8aPRZv1h7zrR","5K3Lafb3hifQG1cfyxuPLV4LeG45XUetC7YGCr7gQ2VDpcTB83G"
999,"17RK2p8JiUUWdEWNrfrBeUU8ghfQgLMMj9","5JZAnpcgZmF4GJGRvfi5bSNsziJZt4xzsLSv5JPsgf3qbwLTc6a"
1000,"1169F7NhxXoncP9AiGY629LrwQ8TykgWJh","5KPX33LgwwsEdjnqtQCSKRSAch1oiXBMAGzMiRSc9EEZxbti7KT"
